Timestamp,DestinationHostName,DestinationPort,DestinationIP,ReceivedBytes,SentBytes,Protocol,RequestMethod,SourceIP
"7/14/2023, 1:11:02.921 AM",www.amazon.com,,1.2.3.4.5,257,279,,GET,10.10.25.52
"7/14/2023, 1:10:10.909 AM",www.amazon.com,,1.2.3.4.5,257,279,,GET,10.10.25.52
"7/14/2023, 1:09:13.932 AM",www.amazon.com,,1.2.3.4.5,257,279,,GET,10.10.25.52
"7/14/2023, 1:08:06.920 AM",www.amazon.com,,1.2.3.4.5,257,279,,GET,10.10.25.52
"7/14/2023, 1:06:58.916 AM",www.amazon.com,,1.2.3.4.5,257,279,,GET,10.10.25.52
"7/14/2023, 1:05:52.003 AM",www.amazon.com,,1.2.3.4.5,257,279,,GET,10.10.25.52
"7/14/2023, 1:04:42.903 AM",www.amazon.com,,1.2.3.4.5,257,279,,GET,10.10.25.52
"7/14/2023, 1:03:40.909 AM",www.amazon.com,,1.2.3.4.5,257,595,,POST,10.10.25.52
"7/14/2023, 1:03:40.909 AM",www.amazon.com,,1.2.3.4.5,257,279,,GET,10.10.25.52
"7/14/2023, 1:02:32.954 AM",www.amazon.com,,1.2.3.4.5,257,425214,,POST,10.10.25.52
"7/14/2023, 1:02:31.919 AM",www.amazon.com,,1.2.3.4.5,257,279,,GET,10.10.25.52
"7/14/2023, 1:01:31.902 AM",www.amazon.com,,1.2.3.4.5,386034,279,,GET,10.10.25.52
"7/14/2023, 1:00:32.910 AM",www.amazon.com,,1.2.3.4.5,257,279,,GET,10.10.25.52
"7/14/2023, 12:59:34.889 AM",www.amazon.com,,1.2.3.4.5,257,279,,GET,10.10.25.52
"7/14/2023, 12:58:24.910 AM",www.amazon.com,,1.2.3.4.5,257,279,,GET,10.10.25.52
"7/14/2023, 12:57:16.897 AM",www.amazon.com,,1.2.3.4.5,257,279,,GET,10.10.25.52
"7/14/2023, 12:56:17.891 AM",www.amazon.com,,1.2.3.4.5,257,279,,GET,10.10.25.52
"7/14/2023, 12:55:49.214 AM",www.amazon.com,,1.2.3.4.5,257,279,,GET,10.10.25.52
"7/14/2023, 12:55:13.064 AM",www.amazon.com,,1.2.3.4.5,257,279,,GET,10.10.25.52
"7/14/2023, 12:53:14.942 AM",www.amazon.com,,1.2.3.4.5,257,279,,GET,10.10.25.52
"7/14/2023, 12:52:15.901 AM",www.amazon.com,,1.2.3.4.5,257,279,,GET,10.10.25.52
"7/14/2023, 12:51:32.208 AM",www.amazon.com,,1.2.3.4.5,257,279,,GET,10.10.25.52
"7/14/2023, 12:51:28.496 AM",www.amazon.com,,1.2.3.4.5,257,279,,GET,10.10.25.52
"7/14/2023, 12:50:34.109 AM",www.amazon.com,,1.2.3.4.5,257,279,,GET,10.10.25.52
"7/14/2023, 12:48:09.925 AM",www.amazon.com,,1.2.3.4.5,257,279,,GET,10.10.25.52
"7/14/2023, 12:47:05.900 AM",www.amazon.com,,1.2.3.4.5,257,279,,GET,10.10.25.52
"7/14/2023, 12:46:00.906 AM",www.amazon.com,,1.2.3.4.5,257,279,,GET,10.10.25.52
"7/14/2023, 12:44:52.894 AM",www.amazon.com,,1.2.3.4.5,257,279,,GET,10.10.25.52
"7/14/2023, 12:43:45.894 AM",www.amazon.com,,1.2.3.4.5,257,279,,GET,10.10.25.52
"7/14/2023, 12:42:48.886 AM",www.amazon.com,,1.2.3.4.5,257,279,,GET,10.10.25.52
"7/14/2023, 12:41:44.895 AM",www.amazon.com,,1.2.3.4.5,257,279,,GET,10.10.25.52
"7/14/2023, 12:40:42.606 AM",www.amazon.com,,1.2.3.4.5,257,279,,GET,10.10.25.52
"7/14/2023, 12:39:37.889 AM",www.amazon.com,,1.2.3.4.5,257,279,,GET,10.10.25.52
"7/14/2023, 12:38:37.880 AM",www.amazon.com,,1.2.3.4.5,257,279,,GET,10.10.25.52
"7/14/2023, 12:37:40.890 AM",www.amazon.com,,1.2.3.4.5,257,279,,GET,10.10.25.52
"7/14/2023, 12:37:11.178 AM",www.amazon.com,,1.2.3.4.5,257,279,,GET,10.10.25.52
"7/14/2023, 12:37:07.141 AM",www.amazon.com,,1.2.3.4.5,257,279,,GET,10.10.25.52
"7/14/2023, 12:34:46.879 AM",www.amazon.com,,1.2.3.4.5,257,279,,GET,10.10.25.52
"7/14/2023, 12:33:41.863 AM",www.amazon.com,,1.2.3.4.5,257,279,,GET,10.10.25.52
"7/14/2023, 12:32:36.898 AM",www.amazon.com,,1.2.3.4.5,257,279,,GET,10.10.25.52
"7/14/2023, 12:31:28.182 AM",www.amazon.com,,1.2.3.4.5,257,279,,GET,10.10.25.52
"7/14/2023, 12:31:23.591 AM",www.amazon.com,,1.2.3.4.5,257,279,,GET,10.10.25.52
"7/14/2023, 12:29:15.793 AM",www.amazon.com,,1.2.3.4.5,257,279,,GET,10.10.25.52
"7/14/2023, 12:28:06.866 AM",www.amazon.com,,1.2.3.4.5,257,279,,GET,10.10.25.52
"7/14/2023, 12:27:15.871 AM",www.amazon.com,,1.2.3.4.5,257,279,,GET,10.10.25.52
"7/14/2023, 12:27:02.026 AM",www.amazon.com,,1.2.3.4.5,257,279,,GET,10.10.25.52
"7/14/2023, 12:26:57.233 AM",www.amazon.com,,1.2.3.4.5,257,279,,GET,10.10.25.52
"7/14/2023, 12:24:20.865 AM",www.amazon.com,,1.2.3.4.5,257,279,,GET,10.10.25.52
"7/14/2023, 12:23:21.887 AM",www.amazon.com,,1.2.3.4.5,257,279,,GET,10.10.25.52
"7/14/2023, 12:22:29.861 AM",www.amazon.com,,1.2.3.4.5,257,279,,GET,10.10.25.52
"7/14/2023, 12:21:40.827 AM",www.amazon.com,,1.2.3.4.5,257,279,,GET,10.10.25.52
"7/14/2023, 12:21:37.362 AM",www.amazon.com,,1.2.3.4.5,257,279,,GET,10.10.25.52
"7/14/2023, 12:19:34.867 AM",www.amazon.com,,1.2.3.4.5,257,279,,GET,10.10.25.52
"7/14/2023, 12:18:38.868 AM",www.amazon.com,,1.2.3.4.5,257,279,,GET,10.10.25.52
"7/14/2023, 12:17:48.838 AM",www.amazon.com,,1.2.3.4.5,257,279,,GET,10.10.25.52
"7/14/2023, 12:16:44.880 AM",www.amazon.com,,1.2.3.4.5,257,279,,GET,10.10.25.52
"7/14/2023, 12:16:35.886 AM",www.amazon.com,,1.2.3.4.5,257,279,,GET,10.10.25.52
"7/14/2023, 12:15:02.873 AM",www.amazon.com,,1.2.3.4.5,257,279,,GET,10.10.25.52
"7/14/2023, 12:14:05.876 AM",www.amazon.com,,1.2.3.4.5,257,279,,GET,10.10.25.52
"7/14/2023, 12:13:05.856 AM",www.amazon.com,,1.2.3.4.5,257,279,,GET,10.10.25.52
"7/14/2023, 12:12:29.101 AM",www.amazon.com,,1.2.3.4.5,257,279,,GET,10.10.25.52
"7/14/2023, 12:12:25.272 AM",www.amazon.com,,1.2.3.4.5,257,279,,GET,10.10.25.52
"7/14/2023, 12:10:07.852 AM",www.amazon.com,,1.2.3.4.5,257,279,,GET,10.10.25.52
"7/14/2023, 12:09:04.837 AM",www.amazon.com,,1.2.3.4.5,257,279,,GET,10.10.25.52
"7/14/2023, 12:08:03.205 AM",www.amazon.com,,1.2.3.4.5,257,279,,GET,10.10.25.52
"7/14/2023, 12:07:06.867 AM",www.amazon.com,,1.2.3.4.5,257,279,,GET,10.10.25.52
"7/14/2023, 12:06:15.837 AM",www.amazon.com,,1.2.3.4.5,257,279,,GET,10.10.25.52
"7/14/2023, 12:05:24.845 AM",www.amazon.com,,1.2.3.4.5,257,279,,GET,10.10.25.52
"7/14/2023, 12:04:24.836 AM",www.amazon.com,,1.2.3.4.5,257,279,,GET,10.10.25.52
"7/14/2023, 12:03:20.840 AM",www.amazon.com,,1.2.3.4.5,257,279,,GET,10.10.25.52
"7/14/2023, 12:02:33.579 AM",www.amazon.com,,1.2.3.4.5,257,279,,GET,10.10.25.52
"7/14/2023, 12:02:14.716 AM",www.amazon.com,,1.2.3.4.5,257,279,,GET,10.10.25.52
"7/14/2023, 12:01:32.480 AM",www.amazon.com,,1.2.3.4.5,257,279,,GET,10.10.25.52
"7/13/2023, 11:59:10.866 PM",www.amazon.com,,1.2.3.4.5,257,279,,GET,10.10.25.52
"7/13/2023, 11:58:13.828 PM",www.amazon.com,,1.2.3.4.5,257,279,,GET,10.10.25.52
"7/13/2023, 11:57:19.808 PM",www.amazon.com,,1.2.3.4.5,257,279,,GET,10.10.25.52
"7/13/2023, 11:57:11.220 PM",www.amazon.com,,1.2.3.4.5,257,279,,GET,10.10.25.52
"7/13/2023, 11:55:10.747 PM",www.amazon.com,,1.2.3.4.5,257,279,,GET,10.10.25.52
"7/13/2023, 11:54:12.836 PM",www.amazon.com,,1.2.3.4.5,257,279,,GET,10.10.25.52
"7/13/2023, 11:53:12.823 PM",www.amazon.com,,1.2.3.4.5,257,279,,GET,10.10.25.52
"7/13/2023, 11:52:59.003 PM",www.amazon.com,,1.2.3.4.5,257,279,,GET,10.10.25.52
"7/13/2023, 11:52:54.036 PM",www.amazon.com,,1.2.3.4.5,257,279,,GET,10.10.25.52
"7/13/2023, 11:52:06.312 PM",www.amazon.com,,1.2.3.4.5,257,279,,GET,10.10.25.52
"7/13/2023, 11:49:15.737 PM",www.amazon.com,,1.2.3.4.5,257,279,,GET,10.10.25.52
"7/13/2023, 11:48:08.825 PM",www.amazon.com,,1.2.3.4.5,257,279,,GET,10.10.25.52
"7/13/2023, 11:47:11.831 PM",www.amazon.com,,1.2.3.4.5,257,279,,GET,10.10.25.52
"7/13/2023, 11:46:14.833 PM",www.amazon.com,,1.2.3.4.5,257,279,,GET,10.10.25.52
"7/13/2023, 11:45:22.186 PM",www.amazon.com,,1.2.3.4.5,257,279,,GET,10.10.25.52
"7/13/2023, 11:44:24.806 PM",www.amazon.com,,1.2.3.4.5,257,279,,GET,10.10.25.52
"7/13/2023, 11:43:31.836 PM",www.amazon.com,,1.2.3.4.5,257,279,,GET,10.10.25.52
"7/13/2023, 11:43:05.713 PM",www.amazon.com,,1.2.3.4.5,257,279,,GET,10.10.25.52
"7/13/2023, 11:42:10.221 PM",www.amazon.com,,1.2.3.4.5,257,279,,GET,10.10.25.52
"7/13/2023, 11:42:05.526 PM",www.amazon.com,,1.2.3.4.5,257,279,,GET,10.10.25.52
"7/13/2023, 11:39:23.801 PM",www.amazon.com,,1.2.3.4.5,257,279,,GET,10.10.25.52
"7/13/2023, 11:38:24.812 PM",www.amazon.com,,1.2.3.4.5,257,279,,GET,10.10.25.52
"7/13/2023, 11:37:23.823 PM",www.amazon.com,,1.2.3.4.5,257,279,,GET,10.10.25.52
"7/13/2023, 11:36:24.829 PM",www.amazon.com,,1.2.3.4.5,257,279,,GET,10.10.25.52
"7/13/2023, 11:35:15.802 PM",www.amazon.com,,1.2.3.4.5,257,279,,GET,10.10.25.52
"7/13/2023, 11:34:16.793 PM",www.amazon.com,,1.2.3.4.5,257,279,,GET,10.10.25.52
"7/13/2023, 11:33:07.820 PM",www.amazon.com,,1.2.3.4.5,257,279,,GET,10.10.25.52
"7/13/2023, 11:32:12.646 PM",www.amazon.com,,1.2.3.4.5,257,279,,GET,10.10.25.52
"7/13/2023, 11:32:08.780 PM",www.amazon.com,,1.2.3.4.5,257,279,,GET,10.10.25.52
"7/13/2023, 11:32:05.360 PM",www.amazon.com,,1.2.3.4.5,257,279,,GET,10.10.25.52
"7/13/2023, 11:29:10.154 PM",www.amazon.com,,1.2.3.4.5,257,279,,GET,10.10.25.52
"7/13/2023, 11:28:00.805 PM",www.amazon.com,,1.2.3.4.5,257,279,,GET,10.10.25.52
"7/13/2023, 11:27:05.779 PM",www.amazon.com,,1.2.3.4.5,257,279,,GET,10.10.25.52
"7/13/2023, 11:26:11.791 PM",www.amazon.com,,1.2.3.4.5,257,279,,GET,10.10.25.52
"7/13/2023, 11:25:17.782 PM",www.amazon.com,,1.2.3.4.5,257,279,,GET,10.10.25.52
"7/13/2023, 11:24:11.801 PM",www.amazon.com,,1.2.3.4.5,257,279,,GET,10.10.25.52
"7/13/2023, 11:23:08.795 PM",www.amazon.com,,1.2.3.4.5,257,279,,GET,10.10.25.52
"7/13/2023, 11:22:07.781 PM",www.amazon.com,,1.2.3.4.5,257,279,,GET,10.10.25.52
"7/13/2023, 11:21:44.028 PM",www.amazon.com,,1.2.3.4.5,257,279,,GET,10.10.25.52
"7/13/2023, 11:21:41.058 PM",www.amazon.com,,1.2.3.4.5,257,279,,GET,10.10.25.52
"7/13/2023, 11:19:18.780 PM",www.amazon.com,,1.2.3.4.5,257,279,,GET,10.10.25.52
"7/13/2023, 11:18:24.775 PM",www.amazon.com,,1.2.3.4.5,257,279,,GET,10.10.25.52
"7/13/2023, 11:17:23.784 PM",www.amazon.com,,1.2.3.4.5,257,279,,GET,10.10.25.52
"7/13/2023, 11:16:17.779 PM",www.amazon.com,,1.2.3.4.5,257,279,,GET,10.10.25.52
"7/13/2023, 11:15:23.774 PM",www.amazon.com,,1.2.3.4.5,257,279,,GET,10.10.25.52
"7/13/2023, 11:14:25.792 PM",www.amazon.com,,1.2.3.4.5,257,279,,GET,10.10.25.52
"7/13/2023, 11:13:24.790 PM",www.amazon.com,,1.2.3.4.5,257,279,,GET,10.10.25.52
"7/13/2023, 11:12:38.782 PM",www.amazon.com,,1.2.3.4.5,257,279,,GET,10.10.25.52
"7/13/2023, 11:12:33.941 PM",www.amazon.com,,1.2.3.4.5,257,279,,GET,10.10.25.52
"7/13/2023, 11:12:06.002 PM",www.amazon.com,,1.2.3.4.5,257,279,,GET,10.10.25.52
"7/13/2023, 11:09:25.764 PM",www.amazon.com,,1.2.3.4.5,257,279,,GET,10.10.25.52
"7/13/2023, 11:08:17.766 PM",www.amazon.com,,1.2.3.4.5,257,279,,GET,10.10.25.52
"7/13/2023, 11:07:15.776 PM",www.amazon.com,,1.2.3.4.5,257,279,,GET,10.10.25.52
"7/13/2023, 11:06:23.770 PM",www.amazon.com,,1.2.3.4.5,257,279,,GET,10.10.25.52
"7/13/2023, 11:05:23.765 PM",www.amazon.com,,1.2.3.4.5,257,279,,GET,10.10.25.52
"7/13/2023, 11:04:29.773 PM",www.amazon.com,,1.2.3.4.5,257,279,,GET,10.10.25.52
"7/13/2023, 11:03:27.757 PM",www.amazon.com,,1.2.3.4.5,257,279,,GET,10.10.25.52
"7/13/2023, 11:02:21.763 PM",www.amazon.com,,1.2.3.4.5,257,279,,GET,10.10.25.52
"7/13/2023, 11:01:35.732 PM",www.amazon.com,,1.2.3.4.5,257,279,,GET,10.10.25.52
"7/13/2023, 11:00:19.762 PM",www.amazon.com,,1.2.3.4.5,257,279,,GET,10.10.25.52
"7/13/2023, 10:59:19.760 PM",www.amazon.com,,1.2.3.4.5,257,279,,GET,10.10.25.52
"7/13/2023, 10:58:28.754 PM",www.amazon.com,,1.2.3.4.5,257,279,,GET,10.10.25.52
"7/13/2023, 10:57:32.768 PM",www.amazon.com,,1.2.3.4.5,257,279,,GET,10.10.25.52
"7/13/2023, 10:56:23.766 PM",www.amazon.com,,1.2.3.4.5,257,279,,GET,10.10.25.52
"7/13/2023, 10:55:25.760 PM",www.amazon.com,,1.2.3.4.5,257,279,,GET,10.10.25.52
"7/13/2023, 10:54:33.754 PM",www.amazon.com,,1.2.3.4.5,257,279,,GET,10.10.25.52
"7/13/2023, 10:53:31.745 PM",www.amazon.com,,1.2.3.4.5,257,279,,GET,10.10.25.52
"7/13/2023, 10:52:24.749 PM",www.amazon.com,,1.2.3.4.5,257,279,,GET,10.10.25.52
"7/13/2023, 10:51:56.344 PM",www.amazon.com,,1.2.3.4.5,257,279,,GET,10.10.25.52
"7/13/2023, 10:51:50.718 PM",www.amazon.com,,1.2.3.4.5,257,279,,GET,10.10.25.52
"7/13/2023, 10:49:25.757 PM",www.amazon.com,,1.2.3.4.5,257,279,,GET,10.10.25.52
"7/13/2023, 10:48:22.744 PM",www.amazon.com,,1.2.3.4.5,257,279,,GET,10.10.25.52
"7/13/2023, 10:47:15.752 PM",www.amazon.com,,1.2.3.4.5,257,279,,GET,10.10.25.52
"7/13/2023, 10:46:08.756 PM",www.amazon.com,,1.2.3.4.5,257,279,,GET,10.10.25.52
"7/13/2023, 10:45:04.771 PM",www.amazon.com,,1.2.3.4.5,257,279,,GET,10.10.25.52
"7/13/2023, 10:43:57.824 PM",www.amazon.com,,1.2.3.4.5,257,279,,GET,10.10.25.52
"7/13/2023, 10:42:51.666 PM",www.amazon.com,,1.2.3.4.5,257,279,,GET,10.10.25.52
"7/13/2023, 10:42:46.710 PM",www.amazon.com,,1.2.3.4.5,257,279,,GET,10.10.25.52
"7/13/2023, 10:41:51.923 PM",www.amazon.com,,1.2.3.4.5,257,279,,GET,10.10.25.52
"7/13/2023, 10:39:57.755 PM",www.amazon.com,,1.2.3.4.5,257,279,,GET,10.10.25.52
"7/13/2023, 10:38:50.763 PM",www.amazon.com,,1.2.3.4.5,257,279,,GET,10.10.25.52
"7/13/2023, 10:37:53.858 PM",www.amazon.com,,1.2.3.4.5,257,279,,GET,10.10.25.52
"7/13/2023, 10:37:00.752 PM",www.amazon.com,,1.2.3.4.5,257,279,,GET,10.10.25.52
"7/13/2023, 10:36:06.739 PM",www.amazon.com,,1.2.3.4.5,257,279,,GET,10.10.25.52
"7/13/2023, 10:35:01.110 PM",www.amazon.com,,1.2.3.4.5,257,279,,GET,10.10.25.52
"7/13/2023, 10:34:02.735 PM",www.amazon.com,,1.2.3.4.5,257,279,,GET,10.10.25.52
"7/13/2023, 10:32:57.735 PM",www.amazon.com,,1.2.3.4.5,257,279,,GET,10.10.25.52
"7/13/2023, 10:32:28.577 PM",www.amazon.com,,1.2.3.4.5,257,279,,GET,10.10.25.52
"7/13/2023, 10:32:23.968 PM",www.amazon.com,,1.2.3.4.5,257,279,,GET,10.10.25.52
"7/13/2023, 10:30:07.737 PM",www.amazon.com,,1.2.3.4.5,257,279,,GET,10.10.25.52
"7/13/2023, 10:29:02.732 PM",www.amazon.com,,1.2.3.4.5,257,279,,GET,10.10.25.52
"7/13/2023, 10:27:59.724 PM",www.amazon.com,,1.2.3.4.5,257,279,,GET,10.10.25.52
"7/13/2023, 10:27:16.734 PM",www.amazon.com,,1.2.3.4.5,257,279,,GET,10.10.25.52
"7/13/2023, 10:27:10.284 PM",www.amazon.com,,1.2.3.4.5,257,279,,GET,10.10.25.52
"7/13/2023, 10:24:46.748 PM",www.amazon.com,,1.2.3.4.5,257,279,,GET,10.10.25.52
"7/13/2023, 10:23:49.725 PM",www.amazon.com,,1.2.3.4.5,257,279,,GET,10.10.25.52
"7/13/2023, 10:22:42.750 PM",www.amazon.com,,1.2.3.4.5,257,279,,GET,10.10.25.52
"7/13/2023, 10:21:50.669 PM",www.amazon.com,,1.2.3.4.5,257,279,,GET,10.10.25.52
"7/13/2023, 10:20:47.727 PM",www.amazon.com,,1.2.3.4.5,257,279,,GET,10.10.25.52
"7/13/2023, 10:19:41.706 PM",www.amazon.com,,1.2.3.4.5,257,279,,GET,10.10.25.52
"7/13/2023, 10:18:47.698 PM",www.amazon.com,,1.2.3.4.5,257,279,,GET,10.10.25.52
"7/13/2023, 10:17:51.734 PM",www.amazon.com,,1.2.3.4.5,257,279,,GET,10.10.25.52
"7/13/2023, 10:16:46.727 PM",www.amazon.com,,1.2.3.4.5,257,279,,GET,10.10.25.52
"7/13/2023, 10:15:48.700 PM",www.amazon.com,,1.2.3.4.5,257,279,,GET,10.10.25.52
"7/13/2023, 10:14:56.794 PM",www.amazon.com,,1.2.3.4.5,257,279,,GET,10.10.25.52
"7/13/2023, 10:14:01.696 PM",www.amazon.com,,1.2.3.4.5,257,279,,GET,10.10.25.52
"7/13/2023, 10:13:11.688 PM",www.amazon.com,,1.2.3.4.5,257,279,,GET,10.10.25.52
"7/13/2023, 10:12:17.842 PM",www.amazon.com,,1.2.3.4.5,257,279,,GET,10.10.25.52
"7/13/2023, 10:12:10.034 PM",www.amazon.com,,1.2.3.4.5,257,279,,GET,10.10.25.52
"7/13/2023, 10:10:17.743 PM",www.amazon.com,,1.2.3.4.5,257,279,,GET,10.10.25.52
"7/13/2023, 10:09:24.854 PM",www.amazon.com,,1.2.3.4.5,257,279,,GET,10.10.25.52
"7/13/2023, 10:08:27.127 PM",www.amazon.com,,1.2.3.4.5,257,279,,GET,10.10.25.52
"7/13/2023, 10:07:34.709 PM",www.amazon.com,,1.2.3.4.5,257,279,,GET,10.10.25.52
"7/13/2023, 10:06:34.732 PM",www.amazon.com,,1.2.3.4.5,257,279,,GET,10.10.25.52
"7/13/2023, 10:05:43.488 PM",www.amazon.com,,1.2.3.4.5,257,279,,GET,10.10.25.52
"7/13/2023, 10:04:39.717 PM",www.amazon.com,,1.2.3.4.5,257,279,,GET,10.10.25.52
"7/13/2023, 10:03:35.681 PM",www.amazon.com,,1.2.3.4.5,257,279,,GET,10.10.25.52
"7/13/2023, 10:02:35.712 PM",www.amazon.com,,1.2.3.4.5,257,279,,GET,10.10.25.52
"7/13/2023, 10:01:58.276 PM",www.amazon.com,,1.2.3.4.5,257,279,,GET,10.10.25.52
"7/13/2023, 10:01:51.725 PM",www.amazon.com,,1.2.3.4.5,257,279,,GET,10.10.25.52
"7/13/2023, 9:59:45.700 PM",www.amazon.com,,1.2.3.4.5,257,279,,GET,10.10.25.52
"7/13/2023, 9:58:45.713 PM",www.amazon.com,,1.2.3.4.5,257,279,,GET,10.10.25.52
"7/13/2023, 9:57:39.669 PM",www.amazon.com,,1.2.3.4.5,257,279,,GET,10.10.25.52
"7/13/2023, 9:57:01.521 PM",www.amazon.com,,1.2.3.4.5,257,279,,GET,10.10.25.52
"7/13/2023, 9:56:54.016 PM",www.amazon.com,,1.2.3.4.5,257,279,,GET,10.10.25.52
"7/13/2023, 9:54:37.703 PM",www.amazon.com,,1.2.3.4.5,257,279,,GET,10.10.25.52
"7/13/2023, 9:53:39.689 PM",www.amazon.com,,1.2.3.4.5,257,279,,GET,10.10.25.52
"7/13/2023, 9:52:40.663 PM",www.amazon.com,,1.2.3.4.5,257,279,,GET,10.10.25.52
"7/13/2023, 9:51:35.723 PM",www.amazon.com,,1.2.3.4.5,257,279,,GET,10.10.25.52
"7/13/2023, 9:50:38.694 PM",www.amazon.com,,1.2.3.4.5,257,279,,GET,10.10.25.52
"7/13/2023, 9:49:32.706 PM",www.amazon.com,,1.2.3.4.5,257,279,,GET,10.10.25.52
"7/13/2023, 9:48:39.684 PM",www.amazon.com,,1.2.3.4.5,257,279,,GET,10.10.25.52
"7/13/2023, 9:47:37.673 PM",www.amazon.com,,1.2.3.4.5,257,279,,GET,10.10.25.52
"7/13/2023, 9:47:06.025 PM",www.amazon.com,,1.2.3.4.5,257,279,,GET,10.10.25.52
"7/13/2023, 9:47:00.171 PM",www.amazon.com,,1.2.3.4.5,257,279,,GET,10.10.25.52
"7/13/2023, 9:44:56.784 PM",www.amazon.com,,1.2.3.4.5,257,279,,GET,10.10.25.52
"7/13/2023, 9:44:03.700 PM",www.amazon.com,,1.2.3.4.5,257,279,,GET,10.10.25.52
"7/13/2023, 9:43:09.703 PM",www.amazon.com,,1.2.3.4.5,257,279,,GET,10.10.25.52
"7/13/2023, 9:42:12.117 PM",www.amazon.com,,1.2.3.4.5,257,279,,GET,10.10.25.52
"7/13/2023, 9:41:56.102 PM",www.amazon.com,,1.2.3.4.5,257,279,,GET,10.10.25.52
"7/13/2023, 9:40:01.591 PM",www.amazon.com,,1.2.3.4.5,257,279,,GET,10.10.25.52
"7/13/2023, 9:38:59.701 PM",www.amazon.com,,1.2.3.4.5,257,279,,GET,10.10.25.52
"7/13/2023, 9:38:00.678 PM",www.amazon.com,,1.2.3.4.5,257,279,,GET,10.10.25.52
"7/13/2023, 9:37:20.123 PM",www.amazon.com,,1.2.3.4.5,257,279,,GET,10.10.25.52
"7/13/2023, 9:37:12.233 PM",www.amazon.com,,1.2.3.4.5,257,279,,GET,10.10.25.52
"7/13/2023, 9:35:03.690 PM",www.amazon.com,,1.2.3.4.5,257,279,,GET,10.10.25.52
"7/13/2023, 9:34:07.717 PM",www.amazon.com,,1.2.3.4.5,257,279,,GET,10.10.25.52
"7/13/2023, 9:33:02.683 PM",www.amazon.com,,1.2.3.4.5,257,279,,GET,10.10.25.52
"7/13/2023, 9:31:56.307 PM",www.amazon.com,,1.2.3.4.5,257,279,,GET,10.10.25.52
"7/13/2023, 9:30:48.655 PM",www.amazon.com,,1.2.3.4.5,257,279,,GET,10.10.25.52
"7/13/2023, 9:29:51.700 PM",www.amazon.com,,1.2.3.4.5,257,279,,GET,10.10.25.52
"7/13/2023, 9:28:55.693 PM",www.amazon.com,,1.2.3.4.5,257,279,,GET,10.10.25.52
"7/13/2023, 9:27:53.687 PM",www.amazon.com,,1.2.3.4.5,257,279,,GET,10.10.25.52
"7/13/2023, 9:27:43.963 PM",www.amazon.com,,1.2.3.4.5,257,279,,GET,10.10.25.52
"7/13/2023, 9:27:32.220 PM",www.amazon.com,,1.2.3.4.5,257,279,,GET,10.10.25.52
"7/13/2023, 9:25:00.675 PM",www.amazon.com,,1.2.3.4.5,257,279,,GET,10.10.25.52
"7/13/2023, 9:24:09.699 PM",www.amazon.com,,1.2.3.4.5,257,279,,GET,10.10.25.52
"7/13/2023, 9:23:21.696 PM",www.amazon.com,,1.2.3.4.5,257,279,,GET,10.10.25.52
"7/13/2023, 9:22:20.569 PM",www.amazon.com,,1.2.3.4.5,257,279,,GET,10.10.25.52
"7/13/2023, 9:22:11.039 PM",www.amazon.com,,1.2.3.4.5,257,279,,GET,10.10.25.52
"7/13/2023, 9:19:59.653 PM",www.amazon.com,,1.2.3.4.5,257,279,,GET,10.10.25.52
"7/13/2023, 9:18:54.654 PM",www.amazon.com,,1.2.3.4.5,257,279,,GET,10.10.25.52
"7/13/2023, 9:17:57.650 PM",www.amazon.com,,1.2.3.4.5,257,279,,GET,10.10.25.52
"7/13/2023, 9:16:54.850 PM",www.amazon.com,,1.2.3.4.5,257,279,,GET,10.10.25.52
"7/13/2023, 9:15:49.659 PM",www.amazon.com,,1.2.3.4.5,257,279,,GET,10.10.25.52
"7/13/2023, 9:14:48.652 PM",www.amazon.com,,1.2.3.4.5,257,279,,GET,10.10.25.52
"7/13/2023, 9:13:49.659 PM",www.amazon.com,,1.2.3.4.5,257,279,,GET,10.10.25.52
"7/13/2023, 9:13:29.460 PM",www.amazon.com,,1.2.3.4.5,257,279,,GET,10.10.25.52
"7/13/2023, 9:13:19.059 PM",www.amazon.com,,1.2.3.4.5,257,279,,GET,10.10.25.52
"7/13/2023, 9:10:57.636 PM",www.amazon.com,,1.2.3.4.5,257,279,,GET,10.10.25.52
"7/13/2023, 9:10:47.703 PM",www.amazon.com,,1.2.3.4.5,257,279,,GET,10.10.25.52
"7/13/2023, 9:10:40.831 PM",www.amazon.com,,1.2.3.4.5,257,279,,GET,10.10.25.52
"7/13/2023, 9:08:25.735 PM",www.amazon.com,,1.2.3.4.5,257,279,,GET,10.10.25.52
"7/13/2023, 9:06:58.614 PM",www.amazon.com,,1.2.3.4.5,257,279,,GET,10.10.25.52
"7/13/2023, 9:05:50.640 PM",www.amazon.com,,1.2.3.4.5,257,279,,GET,10.10.25.52
"7/13/2023, 9:04:56.685 PM",www.amazon.com,,1.2.3.4.5,257,279,,GET,10.10.25.52
"7/13/2023, 9:03:54.652 PM",www.amazon.com,,1.2.3.4.5,257,279,,GET,10.10.25.52
"7/13/2023, 9:03:41.902 PM",www.amazon.com,,1.2.3.4.5,257,279,,GET,10.10.25.52
"7/13/2023, 9:01:49.649 PM",www.amazon.com,,1.2.3.4.5,257,279,,GET,10.10.25.52
"7/13/2023, 9:00:50.649 PM",www.amazon.com,,1.2.3.4.5,257,279,,GET,10.10.25.52
"7/13/2023, 8:59:54.634 PM",www.amazon.com,,1.2.3.4.5,257,279,,GET,10.10.25.52
"7/13/2023, 8:59:32.790 PM",www.amazon.com,,1.2.3.4.5,257,279,,GET,10.10.25.52
"7/13/2023, 8:58:08.627 PM",www.amazon.com,,1.2.3.4.5,257,279,,GET,10.10.25.52
"7/13/2023, 8:57:54.463 PM",www.amazon.com,,1.2.3.4.5,257,279,,GET,10.10.25.52
"7/13/2023, 8:57:48.933 PM",www.amazon.com,,1.2.3.4.5,257,279,,GET,10.10.25.52
"7/13/2023, 8:55:07.616 PM",www.amazon.com,,1.2.3.4.5,257,279,,GET,10.10.25.52
"7/13/2023, 8:54:01.619 PM",www.amazon.com,,1.2.3.4.5,257,279,,GET,10.10.25.52
"7/13/2023, 8:53:22.661 PM",www.amazon.com,,1.2.3.4.5,257,279,,GET,10.10.25.52
"7/13/2023, 8:52:11.614 PM",www.amazon.com,,1.2.3.4.5,257,279,,GET,10.10.25.52
"7/13/2023, 8:51:15.621 PM",www.amazon.com,,1.2.3.4.5,257,279,,GET,10.10.25.52
"7/13/2023, 8:51:11.530 PM",www.amazon.com,,1.2.3.4.5,257,279,,GET,10.10.25.52
"7/13/2023, 8:51:04.590 PM",www.amazon.com,,1.2.3.4.5,257,279,,GET,10.10.25.52
"7/13/2023, 8:48:14.639 PM",www.amazon.com,,1.2.3.4.5,257,279,,GET,10.10.25.52
"7/13/2023, 8:47:14.617 PM",www.amazon.com,,1.2.3.4.5,257,279,,GET,10.10.25.52
"7/13/2023, 8:46:06.619 PM",www.amazon.com,,1.2.3.4.5,257,279,,GET,10.10.25.52
"7/13/2023, 8:45:14.613 PM",www.amazon.com,,1.2.3.4.5,257,279,,GET,10.10.25.52
"7/13/2023, 8:44:14.634 PM",www.amazon.com,,1.2.3.4.5,257,279,,GET,10.10.25.52
"7/13/2023, 8:43:37.753 PM",www.amazon.com,,1.2.3.4.5,257,279,,GET,10.10.25.52
"7/13/2023, 8:43:21.118 PM",www.amazon.com,,1.2.3.4.5,257,279,,GET,10.10.25.52
"7/13/2023, 8:42:37.548 PM",www.amazon.com,,1.2.3.4.5,257,279,,GET,10.10.25.52
"7/13/2023, 8:41:19.953 PM",www.amazon.com,,1.2.3.4.5,257,279,,GET,10.10.25.52
"7/13/2023, 8:41:07.188 PM",www.amazon.com,,1.2.3.4.5,257,279,,GET,10.10.25.52
"7/13/2023, 8:38:13.620 PM",www.amazon.com,,1.2.3.4.5,257,279,,GET,10.10.25.52
"7/13/2023, 8:37:05.597 PM",www.amazon.com,,1.2.3.4.5,257,279,,GET,10.10.25.52
"7/13/2023, 8:36:08.576 PM",www.amazon.com,,1.2.3.4.5,257,279,,GET,10.10.25.52
"7/13/2023, 8:35:01.582 PM",www.amazon.com,,1.2.3.4.5,257,279,,GET,10.10.25.52
"7/13/2023, 8:34:08.595 PM",www.amazon.com,,1.2.3.4.5,257,279,,GET,10.10.25.52
"7/13/2023, 8:33:12.572 PM",www.amazon.com,,1.2.3.4.5,257,279,,GET,10.10.25.52
"7/13/2023, 8:32:10.596 PM",www.amazon.com,,1.2.3.4.5,257,279,,GET,10.10.25.52
"7/13/2023, 8:31:53.652 PM",www.amazon.com,,1.2.3.4.5,257,279,,GET,10.10.25.52
"7/13/2023, 8:31:48.633 PM",www.amazon.com,,1.2.3.4.5,257,279,,GET,10.10.25.52
"7/13/2023, 8:29:50.104 PM",www.amazon.com,,1.2.3.4.5,257,279,,GET,10.10.25.52
"7/13/2023, 8:28:23.581 PM",www.amazon.com,,1.2.3.4.5,257,279,,GET,10.10.25.52
"7/13/2023, 8:27:31.587 PM",www.amazon.com,,1.2.3.4.5,257,279,,GET,10.10.25.52
"7/13/2023, 8:26:36.564 PM",www.amazon.com,,1.2.3.4.5,257,279,,GET,10.10.25.52
"7/13/2023, 8:25:45.580 PM",www.amazon.com,,1.2.3.4.5,257,279,,GET,10.10.25.52
"7/13/2023, 8:25:28.955 PM",www.amazon.com,,1.2.3.4.5,257,279,,GET,10.10.25.52
"7/13/2023, 8:23:51.580 PM",www.amazon.com,,1.2.3.4.5,257,279,,GET,10.10.25.52
"7/13/2023, 8:23:31.568 PM",www.amazon.com,,1.2.3.4.5,257,279,,GET,10.10.25.52
"7/13/2023, 8:22:35.868 PM",www.amazon.com,,1.2.3.4.5,257,279,,GET,10.10.25.52
"7/13/2023, 8:21:52.373 PM",www.amazon.com,,1.2.3.4.5,257,279,,GET,10.10.25.52
"7/13/2023, 8:20:06.533 PM",www.amazon.com,,1.2.3.4.5,257,279,,GET,10.10.25.52
"7/13/2023, 8:20:01.538 PM",www.amazon.com,,1.2.3.4.5,257,279,,GET,10.10.25.52
"7/13/2023, 8:18:05.585 PM",www.amazon.com,,1.2.3.4.5,257,279,,GET,10.10.25.52
"7/13/2023, 8:17:01.720 PM",www.amazon.com,,1.2.3.4.5,257,279,,GET,10.10.25.52
"7/13/2023, 8:16:55.422 PM",www.amazon.com,,1.2.3.4.5,257,279,,GET,10.10.25.52
"7/13/2023, 8:14:54.588 PM",www.amazon.com,,1.2.3.4.5,257,279,,GET,10.10.25.52
"7/13/2023, 8:14:20.355 PM",www.amazon.com,,1.2.3.4.5,257,279,,GET,10.10.25.52
"7/13/2023, 8:14:14.850 PM",www.amazon.com,,1.2.3.4.5,257,279,,GET,10.10.25.52
"7/13/2023, 8:12:30.416 PM",www.amazon.com,,1.2.3.4.5,257,279,,GET,10.10.25.52
"7/13/2023, 8:10:53.577 PM",www.amazon.com,,1.2.3.4.5,257,279,,GET,10.10.25.52
"7/13/2023, 8:09:53.565 PM",www.amazon.com,,1.2.3.4.5,257,279,,GET,10.10.25.52
"7/13/2023, 8:08:44.952 PM",www.amazon.com,,1.2.3.4.5,257,279,,GET,10.10.25.52
"7/13/2023, 8:07:47.597 PM",www.amazon.com,,1.2.3.4.5,257,279,,GET,10.10.25.52
"7/13/2023, 8:07:01.652 PM",www.amazon.com,,1.2.3.4.5,257,279,,GET,10.10.25.52
"7/13/2023, 8:06:55.953 PM",www.amazon.com,,1.2.3.4.5,257,279,,GET,10.10.25.52
"7/13/2023, 8:04:53.570 PM",www.amazon.com,,1.2.3.4.5,257,279,,GET,10.10.25.52
"7/13/2023, 8:03:45.953 PM",www.amazon.com,,1.2.3.4.5,257,279,,GET,10.10.25.52
"7/13/2023, 8:02:46.558 PM",www.amazon.com,,1.2.3.4.5,257,279,,GET,10.10.25.52
"7/13/2023, 8:02:17.759 PM",www.amazon.com,,1.2.3.4.5,257,279,,GET,10.10.25.52
"7/13/2023, 8:02:10.357 PM",www.amazon.com,,1.2.3.4.5,257,279,,GET,10.10.25.52
"7/13/2023, 7:59:40.543 PM",www.amazon.com,,1.2.3.4.5,257,279,,GET,10.10.25.52
"7/13/2023, 7:58:39.544 PM",www.amazon.com,,1.2.3.4.5,257,279,,GET,10.10.25.52
"7/13/2023, 7:57:36.600 PM",www.amazon.com,,1.2.3.4.5,257,279,,GET,10.10.25.52
"7/13/2023, 7:56:45.543 PM",www.amazon.com,,1.2.3.4.5,257,279,,GET,10.10.25.52
"7/13/2023, 7:55:44.740 PM",www.amazon.com,,1.2.3.4.5,257,279,,GET,10.10.25.52
"7/13/2023, 7:54:47.549 PM",www.amazon.com,,1.2.3.4.5,257,279,,GET,10.10.25.52
"7/13/2023, 7:53:39.547 PM",www.amazon.com,,1.2.3.4.5,257,279,,GET,10.10.25.52
"7/13/2023, 7:53:07.282 PM",www.amazon.com,,1.2.3.4.5,257,279,,GET,10.10.25.52
"7/13/2023, 7:52:47.908 PM",www.amazon.com,,1.2.3.4.5,257,279,,GET,10.10.25.52
"7/13/2023, 7:50:59.973 PM",www.amazon.com,,1.2.3.4.5,257,279,,GET,10.10.25.52
"7/13/2023, 7:49:53.859 PM",www.amazon.com,,1.2.3.4.5,257,279,,GET,10.10.25.52
"7/13/2023, 7:48:57.715 PM",www.amazon.com,,1.2.3.4.5,257,279,,GET,10.10.25.52
"7/13/2023, 7:48:02.611 PM",www.amazon.com,,1.2.3.4.5,257,279,,GET,10.10.25.52
"7/13/2023, 7:47:13.880 PM",www.amazon.com,,1.2.3.4.5,257,279,,GET,10.10.25.52
"7/13/2023, 7:47:08.767 PM",www.amazon.com,,1.2.3.4.5,257,279,,GET,10.10.25.52
"7/13/2023, 7:45:02.224 PM",www.amazon.com,,1.2.3.4.5,257,279,,GET,10.10.25.52
"7/13/2023, 7:44:31.178 PM",www.amazon.com,,1.2.3.4.5,257,279,,GET,10.10.25.52
"7/13/2023, 7:44:23.815 PM",www.amazon.com,,1.2.3.4.5,257,279,,GET,10.10.25.52
"7/13/2023, 7:44:17.879 PM",www.amazon.com,,1.2.3.4.5,257,279,,GET,10.10.25.52
"7/13/2023, 7:42:07.795 PM",www.amazon.com,,1.2.3.4.5,257,279,,GET,10.10.25.52
"7/13/2023, 7:39:47.476 PM",www.amazon.com,,1.2.3.4.5,257,279,,GET,10.10.25.52
"7/13/2023, 7:38:46.527 PM",www.amazon.com,,1.2.3.4.5,257,279,,GET,10.10.25.52
"7/13/2023, 7:37:54.225 PM",www.amazon.com,,1.2.3.4.5,257,279,,GET,10.10.25.52
"7/13/2023, 7:36:48.311 PM",www.amazon.com,,1.2.3.4.5,257,279,,GET,10.10.25.52
"7/13/2023, 7:35:43.971 PM",www.amazon.com,,1.2.3.4.5,257,279,,GET,10.10.25.52
"7/13/2023, 7:34:48.843 PM",www.amazon.com,,1.2.3.4.5,257,279,,GET,10.10.25.52
"7/13/2023, 7:33:50.734 PM",www.amazon.com,,1.2.3.4.5,257,279,,GET,10.10.25.52
"7/13/2023, 7:33:28.109 PM",www.amazon.com,,1.2.3.4.5,257,279,,GET,10.10.25.52
"7/13/2023, 7:33:20.956 PM",www.amazon.com,,1.2.3.4.5,257,279,,GET,10.10.25.52
"7/13/2023, 7:30:45.283 PM",www.amazon.com,,1.2.3.4.5,257,279,,GET,10.10.25.52
"7/13/2023, 7:29:50.177 PM",www.amazon.com,,1.2.3.4.5,257,279,,GET,10.10.25.52
"7/13/2023, 7:28:51.988 PM",www.amazon.com,,1.2.3.4.5,257,279,,GET,10.10.25.52
"7/13/2023, 7:27:52.916 PM",www.amazon.com,,1.2.3.4.5,257,279,,GET,10.10.25.52
"7/13/2023, 7:26:53.793 PM",www.amazon.com,,1.2.3.4.5,257,279,,GET,10.10.25.52
"7/13/2023, 7:26:37.702 PM",www.amazon.com,,1.2.3.4.5,257,279,,GET,10.10.25.52
"7/13/2023, 7:24:52.609 PM",www.amazon.com,,1.2.3.4.5,257,279,,GET,10.10.25.52
"7/13/2023, 7:23:45.362 PM",www.amazon.com,,1.2.3.4.5,257,279,,GET,10.10.25.52
"7/13/2023, 7:22:43.292 PM",www.amazon.com,,1.2.3.4.5,257,279,,GET,10.10.25.52
"7/13/2023, 7:22:11.805 PM",www.amazon.com,,1.2.3.4.5,257,279,,GET,10.10.25.52
"7/13/2023, 7:20:48.005 PM",www.amazon.com,,1.2.3.4.5,257,279,,GET,10.10.25.52
"7/13/2023, 7:19:47.910 PM",www.amazon.com,,1.2.3.4.5,257,279,,GET,10.10.25.52
"7/13/2023, 7:18:52.952 PM",www.amazon.com,,1.2.3.4.5,257,279,,GET,10.10.25.52
"7/13/2023, 7:17:54.608 PM",www.amazon.com,,1.2.3.4.5,257,279,,GET,10.10.25.52
"7/13/2023, 7:17:15.906 PM",www.amazon.com,,1.2.3.4.5,257,279,,GET,10.10.25.52
"7/13/2023, 7:17:09.103 PM",www.amazon.com,,1.2.3.4.5,257,279,,GET,10.10.25.52
"7/13/2023, 7:14:50.189 PM",www.amazon.com,,1.2.3.4.5,257,279,,GET,10.10.25.52
"7/13/2023, 7:13:55.073 PM",www.amazon.com,,1.2.3.4.5,257,279,,GET,10.10.25.52
"7/13/2023, 7:13:28.143 PM",www.amazon.com,,1.2.3.4.5,257,279,,GET,10.10.25.52
"7/13/2023, 7:13:21.424 PM",www.amazon.com,,1.2.3.4.5,257,279,,GET,10.10.25.52
"7/13/2023, 7:11:15.471 PM",www.amazon.com,,1.2.3.4.5,257,279,,GET,10.10.25.52
"7/13/2023, 7:09:41.492 PM",www.amazon.com,,1.2.3.4.5,257,279,,GET,10.10.25.52
"7/13/2023, 7:08:39.328 PM",www.amazon.com,,1.2.3.4.5,257,279,,GET,10.10.25.52
"7/13/2023, 7:07:39.249 PM",www.amazon.com,,1.2.3.4.5,257,279,,GET,10.10.25.52
"7/13/2023, 7:06:35.063 PM",www.amazon.com,,1.2.3.4.5,257,595,,POST,10.10.25.52
"7/13/2023, 7:06:35.062 PM",www.amazon.com,,1.2.3.4.5,257,279,,GET,10.10.25.52
"7/13/2023, 7:05:41.974 PM",www.amazon.com,,1.2.3.4.5,257,279,,GET,10.10.25.52
"7/13/2023, 7:05:41.974 PM",www.amazon.com,,1.2.3.4.5,257,5116,,POST,10.10.25.52
"7/13/2023, 7:04:37.823 PM",www.amazon.com,,1.2.3.4.5,257,279,,GET,10.10.25.52
"7/13/2023, 7:03:45.726 PM",www.amazon.com,,1.2.3.4.5,386002,279,,GET,10.10.25.52
"7/13/2023, 7:02:46.551 PM",www.amazon.com,,1.2.3.4.5,257,279,,GET,10.10.25.52
"7/13/2023, 7:01:39.364 PM",www.amazon.com,,1.2.3.4.5,257,279,,GET,10.10.25.52
"7/13/2023, 7:00:41.289 PM",www.amazon.com,,1.2.3.4.5,257,279,,GET,10.10.25.52
"7/13/2023, 6:59:38.533 PM",www.amazon.com,,1.2.3.4.5,257,279,,GET,10.10.25.52
"7/13/2023, 6:58:39.970 PM",www.amazon.com,,1.2.3.4.5,257,279,,GET,10.10.25.52
"7/13/2023, 6:57:36.872 PM",www.amazon.com,,1.2.3.4.5,257,279,,GET,10.10.25.52
"7/13/2023, 6:56:32.695 PM",www.amazon.com,,1.2.3.4.5,257,279,,GET,10.10.25.52
"7/13/2023, 6:55:35.554 PM",www.amazon.com,,1.2.3.4.5,257,279,,GET,10.10.25.52
"7/13/2023, 6:54:45.433 PM",www.amazon.com,,1.2.3.4.5,257,279,,GET,10.10.25.52
"7/13/2023, 6:53:54.332 PM",www.amazon.com,,1.2.3.4.5,257,279,,GET,10.10.25.52
"7/13/2023, 6:53:02.264 PM",www.amazon.com,,1.2.3.4.5,257,279,,GET,10.10.25.52
"7/13/2023, 6:52:02.094 PM",www.amazon.com,,1.2.3.4.5,257,279,,GET,10.10.25.52
"7/13/2023, 6:50:59.899 PM",www.amazon.com,,1.2.3.4.5,257,279,,GET,10.10.25.52
"7/13/2023, 6:49:59.779 PM",www.amazon.com,,1.2.3.4.5,257,279,,GET,10.10.25.52
"7/13/2023, 6:49:05.666 PM",www.amazon.com,,1.2.3.4.5,257,279,,GET,10.10.25.52
"7/13/2023, 6:47:57.542 PM",www.amazon.com,,1.2.3.4.5,257,279,,GET,10.10.25.52
"7/13/2023, 6:47:14.939 PM",www.amazon.com,,1.2.3.4.5,257,279,,GET,10.10.25.52
"7/13/2023, 6:47:09.632 PM",www.amazon.com,,1.2.3.4.5,257,279,,GET,10.10.25.52
"7/13/2023, 6:45:13.196 PM",www.amazon.com,,1.2.3.4.5,257,279,,GET,10.10.25.52
"7/13/2023, 6:44:06.853 PM",www.amazon.com,,1.2.3.4.5,257,279,,GET,10.10.25.52
"7/13/2023, 6:42:55.939 PM",www.amazon.com,,1.2.3.4.5,257,279,,GET,10.10.25.52
"7/13/2023, 6:42:02.604 PM",www.amazon.com,,1.2.3.4.5,257,279,,GET,10.10.25.52
"7/13/2023, 6:40:53.706 PM",www.amazon.com,,1.2.3.4.5,257,279,,GET,10.10.25.52
"7/13/2023, 6:39:56.588 PM",www.amazon.com,,1.2.3.4.5,257,279,,GET,10.10.25.52
"7/13/2023, 6:39:04.439 PM",www.amazon.com,,1.2.3.4.5,257,279,,GET,10.10.25.52
"7/13/2023, 6:38:08.356 PM",www.amazon.com,,1.2.3.4.5,257,279,,GET,10.10.25.52
"7/13/2023, 6:37:11.245 PM",www.amazon.com,,1.2.3.4.5,257,279,,GET,10.10.25.52
"7/13/2023, 6:36:48.839 PM",www.amazon.com,,1.2.3.4.5,257,279,,GET,10.10.25.52
"7/13/2023, 6:35:05.928 PM",www.amazon.com,,1.2.3.4.5,257,279,,GET,10.10.25.52
"7/13/2023, 6:33:58.874 PM",www.amazon.com,,1.2.3.4.5,257,279,,GET,10.10.25.52
"7/13/2023, 6:33:03.710 PM",www.amazon.com,,1.2.3.4.5,257,279,,GET,10.10.25.52
"7/13/2023, 6:32:04.542 PM",www.amazon.com,,1.2.3.4.5,257,279,,GET,10.10.25.52
"7/13/2023, 6:31:05.453 PM",www.amazon.com,,1.2.3.4.5,257,279,,GET,10.10.25.52
"7/13/2023, 6:30:03.312 PM",www.amazon.com,,1.2.3.4.5,257,279,,GET,10.10.25.52
"7/13/2023, 6:28:57.379 PM",www.amazon.com,,1.2.3.4.5,257,279,,GET,10.10.25.52
"7/13/2023, 6:28:01.022 PM",www.amazon.com,,1.2.3.4.5,257,279,,GET,10.10.25.52
"7/13/2023, 6:27:16.101 PM",www.amazon.com,,1.2.3.4.5,257,279,,GET,10.10.25.52
"7/13/2023, 6:27:09.112 PM",www.amazon.com,,1.2.3.4.5,257,279,,GET,10.10.25.52
"7/13/2023, 6:25:04.692 PM",www.amazon.com,,1.2.3.4.5,257,279,,GET,10.10.25.52
"7/13/2023, 6:24:36.444 PM",www.amazon.com,,1.2.3.4.5,257,279,,GET,10.10.25.52
"7/13/2023, 6:24:30.850 PM",www.amazon.com,,1.2.3.4.5,257,279,,GET,10.10.25.52
"7/13/2023, 6:22:03.201 PM",www.amazon.com,,1.2.3.4.5,257,279,,GET,10.10.25.52
"7/13/2023, 6:20:57.005 PM",www.amazon.com,,1.2.3.4.5,276,279,,GET,10.10.25.52
"7/13/2023, 6:19:56.893 PM",www.amazon.com,,1.2.3.4.5,257,279,,GET,10.10.25.52
"7/13/2023, 6:19:04.740 PM",www.amazon.com,,1.2.3.4.5,257,279,,GET,10.10.25.52
"7/13/2023, 6:17:59.563 PM",www.amazon.com,,1.2.3.4.5,257,279,,GET,10.10.25.52
"7/13/2023, 6:17:01.372 PM",www.amazon.com,,1.2.3.4.5,257,279,,GET,10.10.25.52
"7/13/2023, 6:16:01.194 PM",www.amazon.com,,1.2.3.4.5,257,279,,GET,10.10.25.52
"7/13/2023, 6:15:03.331 PM",www.amazon.com,,1.2.3.4.5,257,279,,GET,10.10.25.52
"7/13/2023, 6:14:05.856 PM",www.amazon.com,,1.2.3.4.5,257,279,,GET,10.10.25.52
"7/13/2023, 6:13:21.244 PM",www.amazon.com,,1.2.3.4.5,257,279,,GET,10.10.25.52
"7/13/2023, 6:13:13.852 PM",www.amazon.com,,1.2.3.4.5,257,279,,GET,10.10.25.52
"7/13/2023, 6:11:51.627 PM",www.amazon.com,,1.2.3.4.5,257,279,,GET,10.10.25.52
"7/13/2023, 6:09:40.497 PM",www.amazon.com,,1.2.3.4.5,257,279,,GET,10.10.25.52
"7/13/2023, 6:08:42.426 PM",www.amazon.com,,1.2.3.4.5,257,279,,GET,10.10.25.52
"7/13/2023, 6:07:49.422 PM",www.amazon.com,,1.2.3.4.5,257,279,,GET,10.10.25.52
"7/13/2023, 6:06:44.429 PM",www.amazon.com,,1.2.3.4.5,257,279,,GET,10.10.25.52
"7/13/2023, 6:05:41.395 PM",www.amazon.com,,1.2.3.4.5,257,279,,GET,10.10.25.52
"7/13/2023, 6:04:38.448 PM",www.amazon.com,,1.2.3.4.5,257,279,,GET,10.10.25.52
"7/13/2023, 6:03:36.410 PM",www.amazon.com,,1.2.3.4.5,257,279,,GET,10.10.25.52
"7/13/2023, 6:02:42.387 PM",www.amazon.com,,1.2.3.4.5,257,279,,GET,10.10.25.52
"7/13/2023, 6:02:30.343 PM",www.amazon.com,,1.2.3.4.5,257,279,,GET,10.10.25.52
"7/13/2023, 6:00:30.699 PM",www.amazon.com,,1.2.3.4.5,257,279,,GET,10.10.25.52
"7/13/2023, 5:59:26.420 PM",www.amazon.com,,1.2.3.4.5,257,279,,GET,10.10.25.52
"7/13/2023, 5:58:18.385 PM",www.amazon.com,,1.2.3.4.5,257,279,,GET,10.10.25.52
"7/13/2023, 5:57:25.415 PM",www.amazon.com,,1.2.3.4.5,257,279,,GET,10.10.25.52
"7/13/2023, 5:56:32.409 PM",www.amazon.com,,1.2.3.4.5,257,279,,GET,10.10.25.52
"7/13/2023, 5:55:50.592 PM",www.amazon.com,,1.2.3.4.5,257,279,,GET,10.10.25.52
"7/13/2023, 5:55:47.141 PM",www.amazon.com,,1.2.3.4.5,257,279,,GET,10.10.25.52
"7/13/2023, 5:55:36.699 PM",www.amazon.com,,1.2.3.4.5,257,279,,GET,10.10.25.52
"7/13/2023, 5:55:31.278 PM",www.amazon.com,,1.2.3.4.5,257,279,,GET,10.10.25.52
"7/13/2023, 5:51:23.413 PM",www.amazon.com,,1.2.3.4.5,257,279,,GET,10.10.25.52
"7/13/2023, 5:50:27.348 PM",www.amazon.com,,1.2.3.4.5,257,279,,GET,10.10.25.52
"7/13/2023, 5:49:33.401 PM",www.amazon.com,,1.2.3.4.5,257,279,,GET,10.10.25.52
"7/13/2023, 5:48:26.400 PM",www.amazon.com,,1.2.3.4.5,257,279,,GET,10.10.25.52
"7/13/2023, 5:47:23.420 PM",www.amazon.com,,1.2.3.4.5,257,279,,GET,10.10.25.52
"7/13/2023, 5:46:25.365 PM",www.amazon.com,,1.2.3.4.5,257,279,,GET,10.10.25.52
"7/13/2023, 5:45:27.381 PM",www.amazon.com,,1.2.3.4.5,257,279,,GET,10.10.25.52
"7/13/2023, 5:44:48.603 PM",www.amazon.com,,1.2.3.4.5,257,279,,GET,10.10.25.52
"7/13/2023, 5:43:41.795 PM",www.amazon.com,,1.2.3.4.5,257,279,,GET,10.10.25.52
"7/13/2023, 5:43:25.057 PM",www.amazon.com,,1.2.3.4.5,257,279,,GET,10.10.25.52
"7/13/2023, 5:43:20.248 PM",www.amazon.com,,1.2.3.4.5,257,279,,GET,10.10.25.52
"7/13/2023, 5:40:41.403 PM",www.amazon.com,,1.2.3.4.5,257,279,,GET,10.10.25.52
"7/13/2023, 5:39:48.383 PM",www.amazon.com,,1.2.3.4.5,257,279,,GET,10.10.25.52
"7/13/2023, 5:38:52.397 PM",www.amazon.com,,1.2.3.4.5,257,279,,GET,10.10.25.52
"7/13/2023, 5:37:56.390 PM",www.amazon.com,,1.2.3.4.5,257,279,,GET,10.10.25.52
"7/13/2023, 5:36:49.415 PM",www.amazon.com,,1.2.3.4.5,257,279,,GET,10.10.25.52
"7/13/2023, 5:35:53.381 PM",www.amazon.com,,1.2.3.4.5,257,279,,GET,10.10.25.52
"7/13/2023, 5:34:54.380 PM",www.amazon.com,,1.2.3.4.5,257,279,,GET,10.10.25.52
"7/13/2023, 5:34:01.383 PM",www.amazon.com,,1.2.3.4.5,257,279,,GET,10.10.25.52
"7/13/2023, 5:33:04.384 PM",www.amazon.com,,1.2.3.4.5,257,279,,GET,10.10.25.52
"7/13/2023, 5:32:12.304 PM",www.amazon.com,,1.2.3.4.5,257,279,,GET,10.10.25.52
"7/13/2023, 5:31:17.385 PM",www.amazon.com,,1.2.3.4.5,257,279,,GET,10.10.25.52
"7/13/2023, 5:30:16.380 PM",www.amazon.com,,1.2.3.4.5,257,279,,GET,10.10.25.52
"7/13/2023, 5:29:25.373 PM",www.amazon.com,,1.2.3.4.5,257,279,,GET,10.10.25.52
"7/13/2023, 5:28:35.308 PM",www.amazon.com,,1.2.3.4.5,257,279,,GET,10.10.25.52
"7/13/2023, 5:27:42.380 PM",www.amazon.com,,1.2.3.4.5,257,279,,GET,10.10.25.52
"7/13/2023, 5:26:42.347 PM",www.amazon.com,,1.2.3.4.5,257,279,,GET,10.10.25.52
"7/13/2023, 5:25:35.351 PM",www.amazon.com,,1.2.3.4.5,257,279,,GET,10.10.25.52
"7/13/2023, 5:24:43.349 PM",www.amazon.com,,1.2.3.4.5,257,279,,GET,10.10.25.52
"7/13/2023, 5:23:48.378 PM",www.amazon.com,,1.2.3.4.5,257,279,,GET,10.10.25.52
"7/13/2023, 5:22:55.367 PM",www.amazon.com,,1.2.3.4.5,257,279,,GET,10.10.25.52
"7/13/2023, 5:22:14.340 PM",www.amazon.com,,1.2.3.4.5,257,279,,GET,10.10.25.52
"7/13/2023, 5:22:08.006 PM",www.amazon.com,,1.2.3.4.5,257,279,,GET,10.10.25.52
"7/13/2023, 5:19:44.375 PM",www.amazon.com,,1.2.3.4.5,257,279,,GET,10.10.25.52
"7/13/2023, 5:18:51.350 PM",www.amazon.com,,1.2.3.4.5,257,279,,GET,10.10.25.52
"7/13/2023, 5:17:46.360 PM",www.amazon.com,,1.2.3.4.5,257,279,,GET,10.10.25.52
"7/13/2023, 5:16:40.352 PM",www.amazon.com,,1.2.3.4.5,257,279,,GET,10.10.25.52
"7/13/2023, 5:16:26.812 PM",www.amazon.com,,1.2.3.4.5,257,279,,GET,10.10.25.52
"7/13/2023, 5:14:36.367 PM",www.amazon.com,,1.2.3.4.5,257,279,,GET,10.10.25.52
"7/13/2023, 5:13:35.353 PM",www.amazon.com,,1.2.3.4.5,257,279,,GET,10.10.25.52
"7/13/2023, 5:12:38.352 PM",www.amazon.com,,1.2.3.4.5,257,279,,GET,10.10.25.52
"7/13/2023, 5:11:45.370 PM",www.amazon.com,,1.2.3.4.5,257,279,,GET,10.10.25.52
"7/13/2023, 5:10:51.364 PM",www.amazon.com,,1.2.3.4.5,257,279,,GET,10.10.25.52
"7/13/2023, 5:09:55.325 PM",www.amazon.com,,1.2.3.4.5,257,279,,GET,10.10.25.52
"7/13/2023, 5:08:53.344 PM",www.amazon.com,,1.2.3.4.5,257,279,,GET,10.10.25.52
"7/13/2023, 5:07:53.363 PM",www.amazon.com,,1.2.3.4.5,257,279,,GET,10.10.25.52
"7/13/2023, 5:07:02.353 PM",www.amazon.com,,1.2.3.4.5,257,279,,GET,10.10.25.52
"7/13/2023, 5:06:02.352 PM",www.amazon.com,,1.2.3.4.5,257,279,,GET,10.10.25.52
"7/13/2023, 5:04:53.357 PM",www.amazon.com,,1.2.3.4.5,257,279,,GET,10.10.25.52
"7/13/2023, 5:03:55.399 PM",www.amazon.com,,1.2.3.4.5,257,279,,GET,10.10.25.52
"7/13/2023, 5:03:01.364 PM",www.amazon.com,,1.2.3.4.5,257,279,,GET,10.10.25.52
"7/13/2023, 5:02:30.481 PM",www.amazon.com,,1.2.3.4.5,257,279,,GET,10.10.25.52
"7/13/2023, 5:02:11.918 PM",www.amazon.com,,1.2.3.4.5,257,279,,GET,10.10.25.52
"7/13/2023, 4:59:56.269 PM",www.amazon.com,,1.2.3.4.5,257,279,,GET,10.10.25.52
"7/13/2023, 4:59:00.319 PM",www.amazon.com,,1.2.3.4.5,257,279,,GET,10.10.25.52
"7/13/2023, 4:57:59.349 PM",www.amazon.com,,1.2.3.4.5,257,279,,GET,10.10.25.52
"7/13/2023, 4:56:56.363 PM",www.amazon.com,,1.2.3.4.5,257,279,,GET,10.10.25.52
"7/13/2023, 4:56:43.670 PM",www.amazon.com,,1.2.3.4.5,257,279,,GET,10.10.25.52
"7/13/2023, 4:54:54.883 PM",www.amazon.com,,1.2.3.4.5,257,279,,GET,10.10.25.52
"7/13/2023, 4:54:48.752 PM",www.amazon.com,,1.2.3.4.5,257,279,,GET,10.10.25.52
"7/13/2023, 4:54:42.580 PM",www.amazon.com,,1.2.3.4.5,257,279,,GET,10.10.25.52
"7/13/2023, 4:51:49.565 PM",www.amazon.com,,1.2.3.4.5,257,279,,GET,10.10.25.52
"7/13/2023, 4:50:54.323 PM",www.amazon.com,,1.2.3.4.5,257,279,,GET,10.10.25.52
"7/13/2023, 4:49:54.338 PM",www.amazon.com,,1.2.3.4.5,257,279,,GET,10.10.25.52
"7/13/2023, 4:48:56.306 PM",www.amazon.com,,1.2.3.4.5,257,279,,GET,10.10.25.52
"7/13/2023, 4:47:46.320 PM",www.amazon.com,,1.2.3.4.5,257,279,,GET,10.10.25.52
"7/13/2023, 4:46:42.307 PM",www.amazon.com,,1.2.3.4.5,257,279,,GET,10.10.25.52
"7/13/2023, 4:45:34.329 PM",www.amazon.com,,1.2.3.4.5,257,279,,GET,10.10.25.52
"7/13/2023, 4:44:43.322 PM",www.amazon.com,,1.2.3.4.5,257,279,,GET,10.10.25.52
"7/13/2023, 4:43:44.336 PM",www.amazon.com,,1.2.3.4.5,257,279,,GET,10.10.25.52
"7/13/2023, 4:42:40.332 PM",www.amazon.com,,1.2.3.4.5,257,279,,GET,10.10.25.52
"7/13/2023, 4:41:40.292 PM",www.amazon.com,,1.2.3.4.5,257,279,,GET,10.10.25.52
"7/13/2023, 4:40:37.320 PM",www.amazon.com,,1.2.3.4.5,257,279,,GET,10.10.25.52
"7/13/2023, 4:39:31.313 PM",www.amazon.com,,1.2.3.4.5,257,279,,GET,10.10.25.52
"7/13/2023, 4:38:30.311 PM",www.amazon.com,,1.2.3.4.5,257,279,,GET,10.10.25.52
"7/13/2023, 4:37:34.303 PM",www.amazon.com,,1.2.3.4.5,257,279,,GET,10.10.25.52
"7/13/2023, 4:37:01.252 PM",www.amazon.com,,1.2.3.4.5,257,279,,GET,10.10.25.52
"7/13/2023, 4:36:57.508 PM",www.amazon.com,,1.2.3.4.5,257,279,,GET,10.10.25.52
"7/13/2023, 4:36:48.195 PM",www.amazon.com,,1.2.3.4.5,257,279,,GET,10.10.25.52
"7/13/2023, 4:36:43.222 PM",www.amazon.com,,1.2.3.4.5,257,279,,GET,10.10.25.52
"7/13/2023, 4:32:21.307 PM",www.amazon.com,,1.2.3.4.5,257,279,,GET,10.10.25.52
"7/13/2023, 4:32:03.469 PM",www.amazon.com,,1.2.3.4.5,257,279,,GET,10.10.25.52
"7/13/2023, 4:30:10.306 PM",www.amazon.com,,1.2.3.4.5,257,279,,GET,10.10.25.52
"7/13/2023, 4:29:15.318 PM",www.amazon.com,,1.2.3.4.5,257,279,,GET,10.10.25.52
"7/13/2023, 4:28:19.306 PM",www.amazon.com,,1.2.3.4.5,257,279,,GET,10.10.25.52
"7/13/2023, 4:27:20.319 PM",www.amazon.com,,1.2.3.4.5,257,279,,GET,10.10.25.52
"7/13/2023, 4:26:26.298 PM",www.amazon.com,,1.2.3.4.5,257,279,,GET,10.10.25.52
"7/13/2023, 4:25:21.693 PM",www.amazon.com,,1.2.3.4.5,257,279,,GET,10.10.25.52
"7/13/2023, 4:25:15.330 PM",www.amazon.com,,1.2.3.4.5,257,279,,GET,10.10.25.52
"7/13/2023, 4:24:11.604 PM",www.amazon.com,,1.2.3.4.5,257,279,,GET,10.10.25.52
"7/13/2023, 4:24:05.221 PM",www.amazon.com,,1.2.3.4.5,257,279,,GET,10.10.25.52
"7/13/2023, 4:21:31.323 PM",www.amazon.com,,1.2.3.4.5,257,595,,POST,10.10.25.52
"7/13/2023, 4:21:31.323 PM",www.amazon.com,,1.2.3.4.5,257,279,,GET,10.10.25.52
"7/13/2023, 4:20:28.294 PM",www.amazon.com,,1.2.3.4.5,257,992910,,POST,10.10.25.52
"7/13/2023, 4:20:26.264 PM",www.amazon.com,,1.2.3.4.5,257,279,,GET,10.10.25.52
"7/13/2023, 4:19:18.297 PM",www.amazon.com,,1.2.3.4.5,257,1870023,,POST,10.10.25.52
"7/13/2023, 4:19:16.292 PM",www.amazon.com,,1.2.3.4.5,257,279,,GET,10.10.25.52
"7/13/2023, 4:18:22.297 PM",www.amazon.com,,1.2.3.4.5,257,279,,GET,10.10.25.52
"7/13/2023, 4:17:26.290 PM",www.amazon.com,,1.2.3.4.5,386034,279,,GET,10.10.25.52
"7/13/2023, 4:16:30.331 PM",www.amazon.com,,1.2.3.4.5,257,279,,GET,10.10.25.52
"7/13/2023, 4:15:44.955 PM",www.amazon.com,,1.2.3.4.5,257,279,,GET,10.10.25.52
"7/13/2023, 4:14:49.997 PM",www.amazon.com,,1.2.3.4.5,257,279,,GET,10.10.25.52
"7/13/2023, 4:13:35.233 PM",www.amazon.com,,1.2.3.4.5,257,279,,GET,10.10.25.52
"7/13/2023, 4:13:28.562 PM",www.amazon.com,,1.2.3.4.5,257,279,,GET,10.10.25.52
"7/13/2023, 4:11:49.677 PM",www.amazon.com,,1.2.3.4.5,257,279,,GET,10.10.25.52
"7/13/2023, 4:11:43.229 PM",www.amazon.com,,1.2.3.4.5,257,279,,GET,10.10.25.52
"7/13/2023, 4:09:14.277 PM",www.amazon.com,,1.2.3.4.5,257,279,,GET,10.10.25.52
"7/13/2023, 4:08:22.289 PM",www.amazon.com,,1.2.3.4.5,257,279,,GET,10.10.25.52
"7/13/2023, 4:07:27.302 PM",www.amazon.com,,1.2.3.4.5,257,279,,GET,10.10.25.52
"7/13/2023, 4:06:33.300 PM",www.amazon.com,,1.2.3.4.5,257,279,,GET,10.10.25.52
"7/13/2023, 4:05:44.033 PM",www.amazon.com,,1.2.3.4.5,257,279,,GET,10.10.25.52
"7/13/2023, 4:04:50.576 PM",www.amazon.com,,1.2.3.4.5,257,279,,GET,10.10.25.52
"7/13/2023, 4:03:20.257 PM",www.amazon.com,,1.2.3.4.5,257,279,,GET,10.10.25.52
"7/13/2023, 4:02:20.730 PM",www.amazon.com,,1.2.3.4.5,257,279,,GET,10.10.25.52
"7/13/2023, 4:02:12.778 PM",www.amazon.com,,1.2.3.4.5,257,279,,GET,10.10.25.52
"7/13/2023, 4:00:03.279 PM",www.amazon.com,,1.2.3.4.5,257,279,,GET,10.10.25.52
"7/13/2023, 3:59:03.245 PM",www.amazon.com,,1.2.3.4.5,257,279,,GET,10.10.25.52
"7/13/2023, 3:58:04.296 PM",www.amazon.com,,1.2.3.4.5,257,279,,GET,10.10.25.52
"7/13/2023, 3:56:56.273 PM",www.amazon.com,,1.2.3.4.5,257,279,,GET,10.10.25.52
"7/13/2023, 3:56:19.199 PM",www.amazon.com,,1.2.3.4.5,257,279,,GET,10.10.25.52
"7/13/2023, 3:54:51.273 PM",www.amazon.com,,1.2.3.4.5,257,279,,GET,10.10.25.52
"7/13/2023, 3:53:51.239 PM",www.amazon.com,,1.2.3.4.5,257,279,,GET,10.10.25.52
"7/13/2023, 3:53:14.538 PM",www.amazon.com,,1.2.3.4.5,257,279,,GET,10.10.25.52
"7/13/2023, 3:51:58.303 PM",www.amazon.com,,1.2.3.4.5,257,279,,GET,10.10.25.52
"7/13/2023, 3:51:44.588 PM",www.amazon.com,,1.2.3.4.5,257,279,,GET,10.10.25.52
"7/13/2023, 3:49:59.192 PM",www.amazon.com,,1.2.3.4.5,257,279,,GET,10.10.25.52
"7/13/2023, 3:48:56.255 PM",www.amazon.com,,1.2.3.4.5,257,279,,GET,10.10.25.52
"7/13/2023, 3:47:54.318 PM",www.amazon.com,,1.2.3.4.5,257,279,,GET,10.10.25.52
"7/13/2023, 3:46:48.617 PM",www.amazon.com,,1.2.3.4.5,257,279,,GET,10.10.25.52
"7/13/2023, 3:45:45.225 PM",www.amazon.com,,1.2.3.4.5,257,279,,GET,10.10.25.52
"7/13/2023, 3:44:38.273 PM",www.amazon.com,,1.2.3.4.5,257,279,,GET,10.10.25.52
"7/13/2023, 3:43:31.216 PM",www.amazon.com,,1.2.3.4.5,257,279,,GET,10.10.25.52
"7/13/2023, 3:42:34.180 PM",www.amazon.com,,1.2.3.4.5,257,279,,GET,10.10.25.52
"7/13/2023, 3:41:24.232 PM",www.amazon.com,,1.2.3.4.5,257,279,,GET,10.10.25.52
"7/13/2023, 3:40:31.233 PM",www.amazon.com,,1.2.3.4.5,257,279,,GET,10.10.25.52
"7/13/2023, 3:39:23.613 PM",www.amazon.com,,1.2.3.4.5,257,279,,GET,10.10.25.52
"7/13/2023, 3:39:17.846 PM",www.amazon.com,,1.2.3.4.5,257,279,,GET,10.10.25.52
"7/13/2023, 3:37:26.220 PM",www.amazon.com,,1.2.3.4.5,257,619,,POST,10.10.25.52
"7/13/2023, 3:37:25.235 PM",www.amazon.com,,1.2.3.4.5,257,279,,GET,10.10.25.52
"7/13/2023, 3:36:30.242 PM",www.amazon.com,,1.2.3.4.5,21346,279,,GET,10.10.25.52
"7/13/2023, 3:35:44.193 PM",www.amazon.com,,1.2.3.4.5,257,279,,GET,10.10.25.52
"7/13/2023, 3:34:16.669 PM",www.amazon.com,,1.2.3.4.5,257,279,,GET,10.10.25.52
"7/13/2023, 3:33:44.926 PM",www.amazon.com,,1.2.3.4.5,257,279,,GET,10.10.25.52
"7/13/2023, 3:33:37.821 PM",www.amazon.com,,1.2.3.4.5,257,279,,GET,10.10.25.52
"7/13/2023, 3:31:16.208 PM",www.amazon.com,,1.2.3.4.5,257,279,,GET,10.10.25.52
"7/13/2023, 3:30:20.244 PM",www.amazon.com,,1.2.3.4.5,257,279,,GET,10.10.25.52
"7/13/2023, 3:29:17.241 PM",www.amazon.com,,1.2.3.4.5,257,279,,GET,10.10.25.52
"7/13/2023, 3:28:10.239 PM",www.amazon.com,,1.2.3.4.5,257,279,,GET,10.10.25.52
"7/13/2023, 3:27:04.210 PM",www.amazon.com,,1.2.3.4.5,257,279,,GET,10.10.25.52
"7/13/2023, 3:26:15.861 PM",www.amazon.com,,1.2.3.4.5,257,279,,GET,10.10.25.52
"7/13/2023, 3:26:10.078 PM",www.amazon.com,,1.2.3.4.5,257,279,,GET,10.10.25.52
"7/13/2023, 3:26:03.943 PM",www.amazon.com,,1.2.3.4.5,257,279,,GET,10.10.25.52
"7/13/2023, 3:23:09.232 PM",www.amazon.com,,1.2.3.4.5,257,279,,GET,10.10.25.52
"7/13/2023, 3:22:06.256 PM",www.amazon.com,,1.2.3.4.5,257,279,,GET,10.10.25.52
"7/13/2023, 3:21:40.102 PM",www.amazon.com,,1.2.3.4.5,257,279,,GET,10.10.25.52
"7/13/2023, 3:21:30.752 PM",www.amazon.com,,1.2.3.4.5,257,279,,GET,10.10.25.52
"7/13/2023, 3:19:01.906 PM",www.amazon.com,,1.2.3.4.5,257,279,,GET,10.10.25.52
"7/13/2023, 3:18:57.451 PM",www.amazon.com,,1.2.3.4.5,257,279,,GET,10.10.25.52
"7/13/2023, 3:18:47.224 PM",www.amazon.com,,1.2.3.4.5,257,279,,GET,10.10.25.52
"7/13/2023, 3:18:41.858 PM",www.amazon.com,,1.2.3.4.5,257,279,,GET,10.10.25.52
"7/13/2023, 3:14:50.224 PM",www.amazon.com,,1.2.3.4.5,257,279,,GET,10.10.25.52
"7/13/2023, 3:13:59.207 PM",www.amazon.com,,1.2.3.4.5,257,279,,GET,10.10.25.52
"7/13/2023, 3:13:00.316 PM",www.amazon.com,,1.2.3.4.5,257,279,,GET,10.10.25.52
"7/13/2023, 3:11:54.208 PM",www.amazon.com,,1.2.3.4.5,257,279,,GET,10.10.25.52
"7/13/2023, 3:11:39.260 PM",www.amazon.com,,1.2.3.4.5,257,279,,GET,10.10.25.52
"7/13/2023, 3:10:07.210 PM",www.amazon.com,,1.2.3.4.5,257,279,,GET,10.10.25.52
"7/13/2023, 3:09:14.215 PM",www.amazon.com,,1.2.3.4.5,257,279,,GET,10.10.25.52
"7/13/2023, 3:08:15.468 PM",www.amazon.com,,1.2.3.4.5,257,279,,GET,10.10.25.52
"7/13/2023, 3:07:19.190 PM",www.amazon.com,,1.2.3.4.5,257,279,,GET,10.10.25.52
"7/13/2023, 3:06:23.262 PM",www.amazon.com,,1.2.3.4.5,257,279,,GET,10.10.25.52
"7/13/2023, 3:05:15.219 PM",www.amazon.com,,1.2.3.4.5,257,279,,GET,10.10.25.52
"7/13/2023, 3:04:15.211 PM",www.amazon.com,,1.2.3.4.5,257,279,,GET,10.10.25.52
"7/13/2023, 3:03:09.202 PM",www.amazon.com,,1.2.3.4.5,257,279,,GET,10.10.25.52
"7/13/2023, 3:02:09.195 PM",www.amazon.com,,1.2.3.4.5,257,279,,GET,10.10.25.52
"7/13/2023, 3:01:44.394 PM",www.amazon.com,,1.2.3.4.5,257,279,,GET,10.10.25.52
"7/13/2023, 3:00:09.214 PM",www.amazon.com,,1.2.3.4.5,257,279,,GET,10.10.25.52
"7/13/2023, 2:59:09.171 PM",www.amazon.com,,1.2.3.4.5,257,279,,GET,10.10.25.52
"7/13/2023, 2:58:05.221 PM",www.amazon.com,,1.2.3.4.5,257,279,,GET,10.10.25.52
"7/13/2023, 2:57:09.174 PM",www.amazon.com,,1.2.3.4.5,257,279,,GET,10.10.25.52
"7/13/2023, 2:56:37.725 PM",www.amazon.com,,1.2.3.4.5,257,279,,GET,10.10.25.52
"7/13/2023, 2:55:07.232 PM",www.amazon.com,,1.2.3.4.5,257,279,,GET,10.10.25.52
"7/13/2023, 2:54:16.221 PM",www.amazon.com,,1.2.3.4.5,257,279,,GET,10.10.25.52
"7/13/2023, 2:53:10.209 PM",www.amazon.com,,1.2.3.4.5,257,279,,GET,10.10.25.52
"7/13/2023, 2:52:56.566 PM",www.amazon.com,,1.2.3.4.5,257,279,,GET,10.10.25.52
"7/13/2023, 2:51:46.178 PM",www.amazon.com,,1.2.3.4.5,257,279,,GET,10.10.25.52
"7/13/2023, 2:51:40.063 PM",www.amazon.com,,1.2.3.4.5,257,279,,GET,10.10.25.52
"7/13/2023, 2:49:46.281 PM",www.amazon.com,,1.2.3.4.5,257,279,,GET,10.10.25.52
"7/13/2023, 2:48:03.183 PM",www.amazon.com,,1.2.3.4.5,257,279,,GET,10.10.25.52
"7/13/2023, 2:47:10.201 PM",www.amazon.com,,1.2.3.4.5,257,279,,GET,10.10.25.52
"7/13/2023, 2:46:59.765 PM",www.amazon.com,,1.2.3.4.5,257,279,,GET,10.10.25.52
"7/13/2023, 2:45:10.148 PM",www.amazon.com,,1.2.3.4.5,257,279,,GET,10.10.25.52
"7/13/2023, 2:44:06.227 PM",www.amazon.com,,1.2.3.4.5,257,279,,GET,10.10.25.52
"7/13/2023, 2:43:13.476 PM",www.amazon.com,,1.2.3.4.5,257,279,,GET,10.10.25.52
"7/13/2023, 2:42:09.203 PM",www.amazon.com,,1.2.3.4.5,257,279,,GET,10.10.25.52
"7/13/2023, 2:41:34.040 PM",www.amazon.com,,1.2.3.4.5,257,279,,GET,10.10.25.52
"7/13/2023, 2:40:02.179 PM",www.amazon.com,,1.2.3.4.5,257,279,,GET,10.10.25.52
"7/13/2023, 2:39:02.199 PM",www.amazon.com,,1.2.3.4.5,257,279,,GET,10.10.25.52
"7/13/2023, 2:38:07.159 PM",www.amazon.com,,1.2.3.4.5,257,279,,GET,10.10.25.52
"7/13/2023, 2:37:05.187 PM",www.amazon.com,,1.2.3.4.5,257,279,,GET,10.10.25.52
"7/13/2023, 2:36:47.245 PM",www.amazon.com,,1.2.3.4.5,257,279,,GET,10.10.25.52
"7/13/2023, 2:35:03.178 PM",www.amazon.com,,1.2.3.4.5,257,279,,GET,10.10.25.52
"7/13/2023, 2:34:06.173 PM",www.amazon.com,,1.2.3.4.5,257,279,,GET,10.10.25.52
"7/13/2023, 2:33:34.503 PM",www.amazon.com,,1.2.3.4.5,257,279,,GET,10.10.25.52
"7/13/2023, 2:33:27.675 PM",www.amazon.com,,1.2.3.4.5,257,279,,GET,10.10.25.52
"7/13/2023, 2:31:06.143 PM",www.amazon.com,,1.2.3.4.5,257,279,,GET,10.10.25.52
"7/13/2023, 2:30:09.178 PM",www.amazon.com,,1.2.3.4.5,257,279,,GET,10.10.25.52
"7/13/2023, 2:29:02.192 PM",www.amazon.com,,1.2.3.4.5,257,279,,GET,10.10.25.52
"7/13/2023, 2:28:11.180 PM",www.amazon.com,,1.2.3.4.5,257,279,,GET,10.10.25.52
"7/13/2023, 2:27:05.152 PM",www.amazon.com,,1.2.3.4.5,257,279,,GET,10.10.25.52
"7/13/2023, 2:26:31.572 PM",www.amazon.com,,1.2.3.4.5,257,279,,GET,10.10.25.52
"7/13/2023, 2:24:59.134 PM",www.amazon.com,,1.2.3.4.5,257,279,,GET,10.10.25.52
"7/13/2023, 2:24:06.159 PM",www.amazon.com,,1.2.3.4.5,257,279,,GET,10.10.25.52
"7/13/2023, 2:23:12.123 PM",www.amazon.com,,1.2.3.4.5,257,279,,GET,10.10.25.52
"7/13/2023, 2:22:05.158 PM",www.amazon.com,,1.2.3.4.5,257,279,,GET,10.10.25.52
"7/13/2023, 2:21:29.066 PM",www.amazon.com,,1.2.3.4.5,257,279,,GET,10.10.25.52
"7/13/2023, 2:20:54.585 PM",www.amazon.com,,1.2.3.4.5,257,279,,GET,10.10.25.52
"7/13/2023, 2:19:05.178 PM",www.amazon.com,,1.2.3.4.5,257,279,,GET,10.10.25.52
"7/13/2023, 2:17:56.154 PM",www.amazon.com,,1.2.3.4.5,257,279,,GET,10.10.25.52
"7/13/2023, 2:17:22.333 PM",www.amazon.com,,1.2.3.4.5,257,279,,GET,10.10.25.52
"7/13/2023, 2:17:12.612 PM",www.amazon.com,,1.2.3.4.5,257,279,,GET,10.10.25.52
"7/13/2023, 2:15:03.225 PM",www.amazon.com,,1.2.3.4.5,257,279,,GET,10.10.25.52
"7/13/2023, 2:14:10.127 PM",www.amazon.com,,1.2.3.4.5,257,279,,GET,10.10.25.52
"7/13/2023, 2:13:13.299 PM",www.amazon.com,,1.2.3.4.5,257,279,,GET,10.10.25.52
"7/13/2023, 2:12:55.811 PM",www.amazon.com,,1.2.3.4.5,257,279,,GET,10.10.25.52
"7/13/2023, 2:11:24.330 PM",www.amazon.com,,1.2.3.4.5,257,279,,GET,10.10.25.52
"7/13/2023, 2:11:14.916 PM",www.amazon.com,,1.2.3.4.5,257,279,,GET,10.10.25.52
"7/13/2023, 2:09:05.080 PM",www.amazon.com,,1.2.3.4.5,257,279,,GET,10.10.25.52
"7/13/2023, 2:08:03.170 PM",www.amazon.com,,1.2.3.4.5,257,279,,GET,10.10.25.52
"7/13/2023, 2:07:12.174 PM",www.amazon.com,,1.2.3.4.5,257,279,,GET,10.10.25.52
"7/13/2023, 2:06:35.716 PM",www.amazon.com,,1.2.3.4.5,257,279,,GET,10.10.25.52
"7/13/2023, 2:05:08.152 PM",www.amazon.com,,1.2.3.4.5,257,279,,GET,10.10.25.52
"7/13/2023, 2:03:59.176 PM",www.amazon.com,,1.2.3.4.5,257,279,,GET,10.10.25.52
"7/13/2023, 2:03:05.154 PM",www.amazon.com,,1.2.3.4.5,257,279,,GET,10.10.25.52
"7/13/2023, 2:02:02.084 PM",www.amazon.com,,1.2.3.4.5,257,279,,GET,10.10.25.52
"7/13/2023, 2:00:54.178 PM",www.amazon.com,,1.2.3.4.5,257,279,,GET,10.10.25.52
"7/13/2023, 2:00:02.184 PM",www.amazon.com,,1.2.3.4.5,257,679,,POST,10.10.25.52
"7/13/2023, 2:00:01.458 PM",www.amazon.com,,1.2.3.4.5,78202,279,,GET,10.10.25.52
"7/13/2023, 1:58:52.150 PM",www.amazon.com,,1.2.3.4.5,257,279,,GET,10.10.25.52
"7/13/2023, 1:57:53.157 PM",www.amazon.com,,1.2.3.4.5,257,279,,GET,10.10.25.52
"7/13/2023, 1:57:25.516 PM",www.amazon.com,,1.2.3.4.5,257,279,,GET,10.10.25.52
"7/13/2023, 1:57:11.519 PM",www.amazon.com,,1.2.3.4.5,257,279,,GET,10.10.25.52
"7/13/2023, 1:54:52.190 PM",www.amazon.com,,1.2.3.4.5,257,279,,GET,10.10.25.52
"7/13/2023, 1:53:47.144 PM",www.amazon.com,,1.2.3.4.5,257,279,,GET,10.10.25.52
"7/13/2023, 1:52:40.168 PM",www.amazon.com,,1.2.3.4.5,257,279,,GET,10.10.25.52
"7/13/2023, 1:51:47.134 PM",www.amazon.com,,1.2.3.4.5,257,279,,GET,10.10.25.52
"7/13/2023, 1:50:43.152 PM",www.amazon.com,,1.2.3.4.5,257,279,,GET,10.10.25.52
"7/13/2023, 1:49:34.271 PM",www.amazon.com,,1.2.3.4.5,257,279,,GET,10.10.25.52
"7/13/2023, 1:48:40.126 PM",www.amazon.com,,1.2.3.4.5,257,279,,GET,10.10.25.52
"7/13/2023, 1:47:38.091 PM",www.amazon.com,,1.2.3.4.5,257,279,,GET,10.10.25.52
"7/13/2023, 1:46:40.402 PM",www.amazon.com,,1.2.3.4.5,257,279,,GET,10.10.25.52
"7/13/2023, 1:46:30.342 PM",www.amazon.com,,1.2.3.4.5,257,279,,GET,10.10.25.52
"7/13/2023, 1:44:42.147 PM",www.amazon.com,,1.2.3.4.5,257,279,,GET,10.10.25.52
"7/13/2023, 1:43:51.413 PM",www.amazon.com,,1.2.3.4.5,257,279,,GET,10.10.25.52
"7/13/2023, 1:42:55.623 PM",www.amazon.com,,1.2.3.4.5,257,279,,GET,10.10.25.52
"7/13/2023, 1:42:08.151 PM",www.amazon.com,,1.2.3.4.5,257,279,,GET,10.10.25.52
"7/13/2023, 1:41:56.079 PM",www.amazon.com,,1.2.3.4.5,257,279,,GET,10.10.25.52
"7/13/2023, 1:39:30.413 PM",www.amazon.com,,1.2.3.4.5,257,279,,GET,10.10.25.52
"7/13/2023, 1:38:22.122 PM",www.amazon.com,,1.2.3.4.5,257,279,,GET,10.10.25.52
"7/13/2023, 1:37:30.108 PM",www.amazon.com,,1.2.3.4.5,257,279,,GET,10.10.25.52
"7/13/2023, 1:36:31.321 PM",www.amazon.com,,1.2.3.4.5,257,279,,GET,10.10.25.52
"7/13/2023, 1:36:20.621 PM",www.amazon.com,,1.2.3.4.5,257,279,,GET,10.10.25.52
"7/13/2023, 1:34:33.080 PM",www.amazon.com,,1.2.3.4.5,257,279,,GET,10.10.25.52
"7/13/2023, 1:33:41.103 PM",www.amazon.com,,1.2.3.4.5,257,279,,GET,10.10.25.52
"7/13/2023, 1:32:47.100 PM",www.amazon.com,,1.2.3.4.5,257,279,,GET,10.10.25.52
"7/13/2023, 1:31:51.120 PM",www.amazon.com,,1.2.3.4.5,257,279,,GET,10.10.25.52
"7/13/2023, 1:31:25.639 PM",www.amazon.com,,1.2.3.4.5,257,279,,GET,10.10.25.52
"7/13/2023, 1:29:38.108 PM",www.amazon.com,,1.2.3.4.5,257,279,,GET,10.10.25.52
"7/13/2023, 1:28:41.595 PM",www.amazon.com,,1.2.3.4.5,257,279,,GET,10.10.25.52
"7/13/2023, 1:27:31.099 PM",www.amazon.com,,1.2.3.4.5,257,6200,,POST,10.10.25.52
"7/13/2023, 1:27:31.099 PM",www.amazon.com,,1.2.3.4.5,257,279,,GET,10.10.25.52
"7/13/2023, 1:26:30.094 PM",www.amazon.com,,1.2.3.4.5,86598,279,,GET,10.10.25.52
"7/13/2023, 1:25:22.102 PM",www.amazon.com,,1.2.3.4.5,257,279,,GET,10.10.25.52
"7/13/2023, 1:24:35.925 PM",www.amazon.com,,1.2.3.4.5,257,279,,GET,10.10.25.52
"7/13/2023, 1:23:25.020 PM",www.amazon.com,,1.2.3.4.5,257,279,,GET,10.10.25.52
"7/13/2023, 1:22:21.120 PM",www.amazon.com,,1.2.3.4.5,257,279,,GET,10.10.25.52
"7/13/2023, 1:21:16.108 PM",www.amazon.com,,1.2.3.4.5,257,279,,GET,10.10.25.52
"7/13/2023, 1:20:20.093 PM",www.amazon.com,,1.2.3.4.5,257,595,,POST,10.10.25.52
"7/13/2023, 1:20:20.093 PM",www.amazon.com,,1.2.3.4.5,257,279,,GET,10.10.25.52
"7/13/2023, 1:19:25.077 PM",www.amazon.com,,1.2.3.4.5,257,995,,POST,10.10.25.52
"7/13/2023, 1:19:24.107 PM",www.amazon.com,,1.2.3.4.5,257,279,,GET,10.10.25.52
"7/13/2023, 1:18:28.964 PM",www.amazon.com,,1.2.3.4.5,257,399814,,POST,10.10.25.52
"7/13/2023, 1:18:28.964 PM",www.amazon.com,,1.2.3.4.5,257,279,,GET,10.10.25.52
"7/13/2023, 1:17:15.104 PM",www.amazon.com,,1.2.3.4.5,257,279,,GET,10.10.25.52
"7/13/2023, 1:16:25.999 PM",www.amazon.com,,1.2.3.4.5,27122,279,,GET,10.10.25.52
"7/13/2023, 1:16:19.165 PM",www.amazon.com,,1.2.3.4.5,257,279,,GET,10.10.25.52
"7/13/2023, 1:14:26.089 PM",www.amazon.com,,1.2.3.4.5,257,279,,GET,10.10.25.52
"7/13/2023, 1:13:22.096 PM",www.amazon.com,,1.2.3.4.5,257,279,,GET,10.10.25.52
"7/13/2023, 1:12:15.341 PM",www.amazon.com,,1.2.3.4.5,257,279,,GET,10.10.25.52
"7/13/2023, 1:12:04.566 PM",www.amazon.com,,1.2.3.4.5,257,279,,GET,10.10.25.52
"7/13/2023, 1:11:57.596 PM",www.amazon.com,,1.2.3.4.5,257,1275,,POST,10.10.25.52
"7/13/2023, 1:11:57.596 PM",www.amazon.com,,1.2.3.4.5,257,279,,GET,10.10.25.52
"7/13/2023, 1:09:17.112 PM",www.amazon.com,,1.2.3.4.5,22282,279,,GET,10.10.25.52
"7/13/2023, 1:08:14.082 PM",www.amazon.com,,1.2.3.4.5,257,279,,GET,10.10.25.52
"7/13/2023, 1:07:17.140 PM",www.amazon.com,,1.2.3.4.5,257,279,,GET,10.10.25.52
"7/13/2023, 1:06:32.798 PM",www.amazon.com,,1.2.3.4.5,257,279,,GET,10.10.25.52
"7/13/2023, 1:06:23.791 PM",www.amazon.com,,1.2.3.4.5,257,279,,GET,10.10.25.52
"7/13/2023, 1:04:06.070 PM",www.amazon.com,,1.2.3.4.5,257,279,,GET,10.10.25.52
"7/13/2023, 1:03:13.071 PM",www.amazon.com,,1.2.3.4.5,257,279,,GET,10.10.25.52
"7/13/2023, 1:02:20.067 PM",www.amazon.com,,1.2.3.4.5,257,279,,GET,10.10.25.52
"7/13/2023, 1:01:27.086 PM",www.amazon.com,,1.2.3.4.5,257,279,,GET,10.10.25.52
"7/13/2023, 1:01:27.086 PM",www.amazon.com,,1.2.3.4.5,257,595,,POST,10.10.25.52
"7/13/2023, 1:00:30.002 PM",www.amazon.com,,1.2.3.4.5,257,3692,,POST,10.10.25.52
"7/13/2023, 1:00:30.002 PM",www.amazon.com,,1.2.3.4.5,257,279,,GET,10.10.25.52
"7/13/2023, 12:59:28.097 PM",www.amazon.com,,1.2.3.4.5,386034,279,,GET,10.10.25.52
"7/13/2023, 12:59:28.097 PM",www.amazon.com,,1.2.3.4.5,257,595,,POST,10.10.25.52
"7/13/2023, 12:58:24.085 PM",www.amazon.com,,1.2.3.4.5,257,279,,GET,10.10.25.52
"7/13/2023, 12:58:24.085 PM",www.amazon.com,,1.2.3.4.5,257,3864,,POST,10.10.25.52
"7/13/2023, 12:57:24.061 PM",www.amazon.com,,1.2.3.4.5,386058,279,,GET,10.10.25.52
"7/13/2023, 12:56:31.297 PM",www.amazon.com,,1.2.3.4.5,257,279,,GET,10.10.25.52
"7/13/2023, 12:56:24.226 PM",www.amazon.com,,1.2.3.4.5,257,279,,GET,10.10.25.52
"7/13/2023, 12:54:17.087 PM",www.amazon.com,,1.2.3.4.5,257,279,,GET,10.10.25.52
"7/13/2023, 12:53:20.068 PM",www.amazon.com,,1.2.3.4.5,257,279,,GET,10.10.25.52
"7/13/2023, 12:52:25.032 PM",www.amazon.com,,1.2.3.4.5,257,279,,GET,10.10.25.52
"7/13/2023, 12:51:54.588 PM",www.amazon.com,,1.2.3.4.5,257,279,,GET,10.10.25.52
"7/13/2023, 12:51:47.513 PM",www.amazon.com,,1.2.3.4.5,257,279,,GET,10.10.25.52
"7/13/2023, 12:49:36.900 PM",www.amazon.com,,1.2.3.4.5,257,279,,GET,10.10.25.52
"7/13/2023, 12:49:31.656 PM",www.amazon.com,,1.2.3.4.5,257,279,,GET,10.10.25.52
"7/13/2023, 12:47:59.127 PM",www.amazon.com,,1.2.3.4.5,257,279,,GET,10.10.25.52
"7/13/2023, 12:46:20.087 PM",www.amazon.com,,1.2.3.4.5,257,279,,GET,10.10.25.52
"7/13/2023, 12:45:23.077 PM",www.amazon.com,,1.2.3.4.5,257,279,,GET,10.10.25.52
"7/13/2023, 12:44:17.723 PM",www.amazon.com,,1.2.3.4.5,257,279,,GET,10.10.25.52
"7/13/2023, 12:44:17.723 PM",www.amazon.com,,1.2.3.4.5,257,45337,,POST,10.10.25.52
"7/13/2023, 12:43:23.086 PM",www.amazon.com,,1.2.3.4.5,79882,279,,GET,10.10.25.52
"7/13/2023, 12:42:18.209 PM",www.amazon.com,,1.2.3.4.5,257,279,,GET,10.10.25.52
"7/13/2023, 12:41:09.012 PM",www.amazon.com,,1.2.3.4.5,257,279,,GET,10.10.25.52
"7/13/2023, 12:40:14.044 PM",www.amazon.com,,1.2.3.4.5,257,279,,GET,10.10.25.52
"7/13/2023, 12:39:29.916 PM",www.amazon.com,,1.2.3.4.5,257,279,,GET,10.10.25.52
"7/13/2023, 12:39:23.048 PM",www.amazon.com,,1.2.3.4.5,257,279,,GET,10.10.25.52
"7/13/2023, 12:39:16.924 PM",www.amazon.com,,1.2.3.4.5,257,279,,GET,10.10.25.52
"7/13/2023, 12:36:37.035 PM",www.amazon.com,,1.2.3.4.5,257,279,,GET,10.10.25.52
"7/13/2023, 12:36:19.867 PM",www.amazon.com,,1.2.3.4.5,257,279,,GET,10.10.25.52
"7/13/2023, 12:34:38.046 PM",www.amazon.com,,1.2.3.4.5,257,279,,GET,10.10.25.52
"7/13/2023, 12:33:40.031 PM",www.amazon.com,,1.2.3.4.5,257,279,,GET,10.10.25.52
"7/13/2023, 12:32:50.062 PM",www.amazon.com,,1.2.3.4.5,257,279,,GET,10.10.25.52
"7/13/2023, 12:32:41.669 PM",www.amazon.com,,1.2.3.4.5,257,279,,GET,10.10.25.52
"7/13/2023, 12:31:21.744 PM",www.amazon.com,,1.2.3.4.5,257,279,,GET,10.10.25.52
"7/13/2023, 12:29:36.033 PM",www.amazon.com,,1.2.3.4.5,257,595,,POST,10.10.25.52
"7/13/2023, 12:29:35.052 PM",www.amazon.com,,1.2.3.4.5,257,279,,GET,10.10.25.52
"7/13/2023, 12:28:35.300 PM",www.amazon.com,,1.2.3.4.5,257,279,,GET,10.10.25.52
"7/13/2023, 12:28:35.300 PM",www.amazon.com,,1.2.3.4.5,257,16893,,POST,10.10.25.52
"7/13/2023, 12:27:35.280 PM",www.amazon.com,,1.2.3.4.5,386002,279,,GET,10.10.25.52
"7/13/2023, 12:26:40.000 PM",www.amazon.com,,1.2.3.4.5,257,279,,GET,10.10.25.52
"7/13/2023, 12:25:49.051 PM",www.amazon.com,,1.2.3.4.5,257,279,,GET,10.10.25.52
"7/13/2023, 12:24:52.056 PM",www.amazon.com,,1.2.3.4.5,257,279,,GET,10.10.25.52
"7/13/2023, 12:23:43.029 PM",www.amazon.com,,1.2.3.4.5,257,279,,GET,10.10.25.52
"7/13/2023, 12:22:50.051 PM",www.amazon.com,,1.2.3.4.5,257,279,,GET,10.10.25.52
"7/13/2023, 12:21:57.041 PM",www.amazon.com,,1.2.3.4.5,257,279,,GET,10.10.25.52
"7/13/2023, 12:20:57.095 PM",www.amazon.com,,1.2.3.4.5,257,6200,,POST,10.10.25.52
"7/13/2023, 12:20:57.095 PM",www.amazon.com,,1.2.3.4.5,257,279,,GET,10.10.25.52
"7/13/2023, 12:19:53.057 PM",www.amazon.com,,1.2.3.4.5,86650,279,,GET,10.10.25.52
"7/13/2023, 12:18:54.038 PM",www.amazon.com,,1.2.3.4.5,257,935,,POST,10.10.25.52
"7/13/2023, 12:18:54.038 PM",www.amazon.com,,1.2.3.4.5,257,279,,GET,10.10.25.52
"7/13/2023, 12:18:10.408 PM",www.amazon.com,,1.2.3.4.5,86682,279,,GET,10.10.25.52
"7/13/2023, 12:18:01.166 PM",www.amazon.com,,1.2.3.4.5,257,279,,GET,10.10.25.52
"7/13/2023, 12:16:14.660 PM",www.amazon.com,,1.2.3.4.5,257,279,,GET,10.10.25.52
"7/13/2023, 12:14:52.993 PM",www.amazon.com,,1.2.3.4.5,257,279,,GET,10.10.25.52
"7/13/2023, 12:13:54.035 PM",www.amazon.com,,1.2.3.4.5,257,279,,GET,10.10.25.52
"7/13/2023, 12:12:53.026 PM",www.amazon.com,,1.2.3.4.5,257,279,,GET,10.10.25.52
"7/13/2023, 12:11:48.041 PM",www.amazon.com,,1.2.3.4.5,257,279,,GET,10.10.25.52
"7/13/2023, 12:11:11.320 PM",www.amazon.com,,1.2.3.4.5,257,279,,GET,10.10.25.52
"7/13/2023, 12:09:43.439 PM",www.amazon.com,,1.2.3.4.5,257,279,,GET,10.10.25.52
"7/13/2023, 12:08:41.002 PM",www.amazon.com,,1.2.3.4.5,257,279,,GET,10.10.25.52
"7/13/2023, 12:07:36.985 PM",www.amazon.com,,1.2.3.4.5,257,279,,GET,10.10.25.52
"7/13/2023, 12:07:17.763 PM",www.amazon.com,,1.2.3.4.5,257,279,,GET,10.10.25.52
"7/13/2023, 12:07:11.461 PM",www.amazon.com,,1.2.3.4.5,257,279,,GET,10.10.25.52
"7/13/2023, 12:04:34.006 PM",www.amazon.com,,1.2.3.4.5,257,279,,GET,10.10.25.52
"7/13/2023, 12:03:29.042 PM",www.amazon.com,,1.2.3.4.5,257,279,,GET,10.10.25.52
"7/13/2023, 12:02:29.007 PM",www.amazon.com,,1.2.3.4.5,257,279,,GET,10.10.25.52
"7/13/2023, 12:01:31.973 PM",www.amazon.com,,1.2.3.4.5,257,279,,GET,10.10.25.52
"7/13/2023, 12:00:28.013 PM",www.amazon.com,,1.2.3.4.5,257,279,,GET,10.10.25.52
"7/13/2023, 11:59:28.977 AM",www.amazon.com,,1.2.3.4.5,257,279,,GET,10.10.25.52
"7/13/2023, 11:58:28.018 AM",www.amazon.com,,1.2.3.4.5,257,279,,GET,10.10.25.52
"7/13/2023, 11:58:16.262 AM",www.amazon.com,,1.2.3.4.5,257,279,,GET,10.10.25.52
"7/13/2023, 11:56:28.280 AM",www.amazon.com,,1.2.3.4.5,257,279,,GET,10.10.25.52
"7/13/2023, 11:56:22.267 AM",www.amazon.com,,1.2.3.4.5,257,279,,GET,10.10.25.52
"7/13/2023, 11:54:27.984 AM",www.amazon.com,,1.2.3.4.5,257,279,,GET,10.10.25.52
"7/13/2023, 11:53:20.008 AM",www.amazon.com,,1.2.3.4.5,257,279,,GET,10.10.25.52
"7/13/2023, 11:52:33.416 AM",www.amazon.com,,1.2.3.4.5,257,279,,GET,10.10.25.52
"7/13/2023, 11:52:27.710 AM",www.amazon.com,,1.2.3.4.5,257,279,,GET,10.10.25.52
"7/13/2023, 11:50:12.985 AM",www.amazon.com,,1.2.3.4.5,257,279,,GET,10.10.25.52
"7/13/2023, 11:49:10.938 AM",www.amazon.com,,1.2.3.4.5,257,279,,GET,10.10.25.52
"7/13/2023, 11:48:04.169 AM",www.amazon.com,,1.2.3.4.5,257,279,,GET,10.10.25.52
"7/13/2023, 11:47:10.030 AM",www.amazon.com,,1.2.3.4.5,257,279,,GET,10.10.25.52
"7/13/2023, 11:46:18.967 AM",www.amazon.com,,1.2.3.4.5,257,279,,GET,10.10.25.52
"7/13/2023, 11:45:25.955 AM",www.amazon.com,,1.2.3.4.5,257,279,,GET,10.10.25.52
"7/13/2023, 11:44:25.976 AM",www.amazon.com,,1.2.3.4.5,257,279,,GET,10.10.25.52
"7/13/2023, 11:43:31.931 AM",www.amazon.com,,1.2.3.4.5,257,279,,GET,10.10.25.52
"7/13/2023, 11:42:32.969 AM",www.amazon.com,,1.2.3.4.5,257,279,,GET,10.10.25.52
"7/13/2023, 11:42:18.697 AM",www.amazon.com,,1.2.3.4.5,257,279,,GET,10.10.25.52
"7/13/2023, 11:42:09.956 AM",www.amazon.com,,1.2.3.4.5,257,279,,GET,10.10.25.52
"7/13/2023, 11:39:41.987 AM",www.amazon.com,,1.2.3.4.5,257,279,,GET,10.10.25.52
"7/13/2023, 11:38:37.994 AM",www.amazon.com,,1.2.3.4.5,257,279,,GET,10.10.25.52
"7/13/2023, 11:37:31.998 AM",www.amazon.com,,1.2.3.4.5,257,279,,GET,10.10.25.52
"7/13/2023, 11:36:22.998 AM",www.amazon.com,,1.2.3.4.5,257,279,,GET,10.10.25.52
"7/13/2023, 11:35:22.975 AM",www.amazon.com,,1.2.3.4.5,257,279,,GET,10.10.25.52
"7/13/2023, 11:34:20.975 AM",www.amazon.com,,1.2.3.4.5,257,279,,GET,10.10.25.52
"7/13/2023, 11:33:27.018 AM",www.amazon.com,,1.2.3.4.5,257,279,,GET,10.10.25.52
"7/13/2023, 11:32:21.193 AM",www.amazon.com,,1.2.3.4.5,257,279,,GET,10.10.25.52
"7/13/2023, 11:31:27.742 AM",www.amazon.com,,1.2.3.4.5,257,279,,GET,10.10.25.52
"7/13/2023, 11:31:21.702 AM",www.amazon.com,,1.2.3.4.5,257,279,,GET,10.10.25.52
"7/13/2023, 11:29:23.947 AM",www.amazon.com,,1.2.3.4.5,257,279,,GET,10.10.25.52
"7/13/2023, 11:28:24.019 AM",www.amazon.com,,1.2.3.4.5,257,279,,GET,10.10.25.52
"7/13/2023, 11:27:23.935 AM",www.amazon.com,,1.2.3.4.5,257,279,,GET,10.10.25.52
"7/13/2023, 11:26:37.316 AM",www.amazon.com,,1.2.3.4.5,257,279,,GET,10.10.25.52
"7/13/2023, 11:26:17.044 AM",www.amazon.com,,1.2.3.4.5,257,279,,GET,10.10.25.52
"7/13/2023, 11:24:29.941 AM",www.amazon.com,,1.2.3.4.5,257,279,,GET,10.10.25.52
"7/13/2023, 11:23:31.910 AM",www.amazon.com,,1.2.3.4.5,257,279,,GET,10.10.25.52
"7/13/2023, 11:22:22.952 AM",www.amazon.com,,1.2.3.4.5,257,279,,GET,10.10.25.52
"7/13/2023, 11:21:54.725 AM",www.amazon.com,,1.2.3.4.5,257,279,,GET,10.10.25.52
"7/13/2023, 11:21:47.699 AM",www.amazon.com,,1.2.3.4.5,257,279,,GET,10.10.25.52
"7/13/2023, 11:19:35.958 AM",www.amazon.com,,1.2.3.4.5,257,279,,GET,10.10.25.52
"7/13/2023, 11:18:35.937 AM",www.amazon.com,,1.2.3.4.5,257,279,,GET,10.10.25.52
"7/13/2023, 11:17:51.069 AM",www.amazon.com,,1.2.3.4.5,257,279,,GET,10.10.25.52
"7/13/2023, 11:17:45.297 AM",www.amazon.com,,1.2.3.4.5,257,279,,GET,10.10.25.52
"7/13/2023, 11:15:38.097 AM",www.amazon.com,,1.2.3.4.5,257,279,,GET,10.10.25.52
"7/13/2023, 11:14:43.963 AM",www.amazon.com,,1.2.3.4.5,257,279,,GET,10.10.25.52
"7/13/2023, 11:14:31.868 AM",www.amazon.com,,1.2.3.4.5,257,279,,GET,10.10.25.52
"7/13/2023, 11:12:36.984 AM",www.amazon.com,,1.2.3.4.5,257,279,,GET,10.10.25.52
"7/13/2023, 11:11:43.975 AM",www.amazon.com,,1.2.3.4.5,257,279,,GET,10.10.25.52
"7/13/2023, 11:10:49.600 AM",www.amazon.com,,1.2.3.4.5,257,279,,GET,10.10.25.52
"7/13/2023, 11:10:41.272 AM",www.amazon.com,,1.2.3.4.5,257,279,,GET,10.10.25.52
"7/13/2023, 11:10:33.131 AM",www.amazon.com,,1.2.3.4.5,264,555,,POST,10.10.25.52
"7/13/2023, 11:10:33.131 AM",www.amazon.com,,1.2.3.4.5,498,555,,POST,10.10.25.52
"7/13/2023, 11:10:33.131 AM",www.amazon.com,,1.2.3.4.5,61478,555,,POST,10.10.25.52
"7/13/2023, 11:10:33.131 AM",www.amazon.com,,1.2.3.4.5,257,259,,GET,10.10.25.52
"7/13/2023, 11:10:33.131 AM",www.amazon.com,,1.2.3.4.5,610,1035,,POST,10.10.25.52
"7/13/2023, 11:10:33.076 AM",www.amazon.com,,1.2.3.4.5,257,283,,GET,10.10.25.52
"7/13/2023, 11:10:33.076 AM",www.amazon.com,,1.2.3.4.5,950,1275,,POST,10.10.25.52
"7/13/2023, 11:09:53.780 AM",www.amazon.com,,1.2.3.4.5,257,279,,GET,10.10.25.52
"7/13/2023, 11:08:45.187 AM",www.amazon.com,,1.2.3.4.5,257,279,,GET,10.10.25.52
"7/13/2023, 11:06:09.439 AM",www.amazon.com,,1.2.3.4.5,257,279,,GET,10.10.25.52
"7/13/2023, 11:05:59.388 AM",www.amazon.com,,1.2.3.4.5,257,279,,GET,10.10.25.52
